u1	recommend	i100
u2	recommend	i126
u3	recommend	i895
u4	recommend	i347
u5	recommend	i56
u6	recommend	i283
u7	recommend	i175
u8	recommend	i288
u9	recommend	i286
u10	recommend	i582
u11	recommend	i50
u12	recommend	i79
u13	recommend	i232
u14	recommend	i1
u15	recommend	i126
u16	recommend	i50
u17	recommend	i258
u18	recommend	i238
u19	recommend	i50
u20	recommend	i117
u21	recommend	i895
u22	recommend	i576
u23	recommend	i168
u24	recommend	i50
u25	recommend	i168
u26	recommend	i100
u27	recommend	i7
u28	recommend	i183
u29	recommend	i258
u30	recommend	i300
u31	recommend	i269
u32	recommend	i121
u33	recommend	i332
u34	recommend	i300
u35	recommend	i294
u36	recommend	i258
u37	recommend	i181
u38	recommend	i121
u39	recommend	i286
u40	recommend	i301
u41	recommend	i172
u42	recommend	i121
u43	recommend	i419
u44	recommend	i210
u45	recommend	i756
u46	recommend	i302
u47	recommend	i313
u48	recommend	i300
u49	recommend	i288
u50	recommend	i7
u51	recommend	i174
u52	recommend	i276
u53	recommend	i405
u54	recommend	i294
u55	recommend	i288
u56	recommend	i568
u57	recommend	i118
u58	recommend	i168
u59	recommend	i132
u60	recommend	i196
u61	recommend	i313
u62	recommend	i25
u63	recommend	i9
u64	recommend	i82
u65	recommend	i172
u66	recommend	i100
u67	recommend	i7
u68	recommend	i1
u69	recommend	i324
u70	recommend	i568
u71	recommend	i7
u72	recommend	i98
u73	recommend	i174
u74	recommend	i286
u75	recommend	i7
u76	recommend	i1073
u77	recommend	i7
u78	recommend	i286
u79	recommend	i242
u80	recommend	i286
u81	recommend	i1
u82	recommend	i204
u83	recommend	i405
u84	recommend	i181
u85	recommend	i50
u86	recommend	i313
u87	recommend	i496
u88	recommend	i269
u89	recommend	i274
u90	recommend	i582
u91	recommend	i230
u92	recommend	i232
u93	recommend	i111
u94	recommend	i56
u95	recommend	i56
u96	recommend	i175
u97	recommend	i56
u98	recommend	i216
u99	recommend	i127
u100	recommend	i301
u101	recommend	i121
u102	recommend	i679
u103	recommend	i1
u104	recommend	i292
u105	recommend	i300
u106	recommend	i174
u107	recommend	i750
u108	recommend	i25
u109	recommend	i685
u110	recommend	i554
u111	recommend	i300
u112	recommend	i326
u113	recommend	i269
u114	recommend	i174
u115	recommend	i100
u116	recommend	i100
u117	recommend	i273
u118	recommend	i89
u119	recommend	i13
u120	recommend	i7
u121	recommend	i286
u122	recommend	i179
u123	recommend	i318
u124	recommend	i176
u125	recommend	i197
u126	recommend	i307
u127	recommend	i328
u128	recommend	i286
u129	recommend	i306
u130	recommend	i273
u131	recommend	i269
u132	recommend	i7
u133	recommend	i690
u134	recommend	i322
u135	recommend	i96
u136	recommend	i7
u137	recommend	i294
u138	recommend	i483
u139	recommend	i285
u140	recommend	i269
u141	recommend	i111
u142	recommend	i300
u143	recommend	i300
u144	recommend	i127
u145	recommend	i288
u146	recommend	i268
u147	recommend	i300
u148	recommend	i208
u149	recommend	i690
u150	recommend	i7
u151	recommend	i479
u152	recommend	i50
u153	recommend	i96
u154	recommend	i100
u155	recommend	i269
u156	recommend	i98
u157	recommend	i7
u158	recommend	i98
u159	recommend	i282
u160	recommend	i919
u161	recommend	i514
u162	recommend	i405
u163	recommend	i313
u164	recommend	i294
u165	recommend	i50
u166	recommend	i259
u167	recommend	i56
u168	recommend	i111
u169	recommend	i132
u170	recommend	i748
u171	recommend	i269
u172	recommend	i170
u173	recommend	i313
u174	recommend	i181
u175	recommend	i228
u176	recommend	i242
u177	recommend	i50
u178	recommend	i546
u179	recommend	i1483
u180	recommend	i451
u181	recommend	i283
u182	recommend	i117
u183	recommend	i568
u184	recommend	i275
u185	recommend	i100
u186	recommend	i546
u187	recommend	i174
u188	recommend	i172
u189	recommend	i285
u190	recommend	i678
u191	recommend	i269
u192	recommend	i286
u193	recommend	i181
u194	recommend	i423
u195	recommend	i288
u196	recommend	i283
u197	recommend	i229
u198	recommend	i89
u199	recommend	i288
u200	recommend	i181
u201	recommend	i474
u202	recommend	i56
u203	recommend	i121
u204	recommend	i305
u205	recommend	i307
u206	recommend	i302
u207	recommend	i405
u208	recommend	i357
u209	recommend	i995
u210	recommend	i216
u211	recommend	i294
u212	recommend	i100
u213	recommend	i237
u214	recommend	i919
u215	recommend	i50
u216	recommend	i174
u217	recommend	i227
u218	recommend	i56
u219	recommend	i216
u220	recommend	i313
u221	recommend	i410
u222	recommend	i685
u223	recommend	i748
u224	recommend	i50
u225	recommend	i172
u226	recommend	i100
u227	recommend	i237
u228	recommend	i300
u229	recommend	i269
u230	recommend	i173
u231	recommend	i111
u232	recommend	i174
u233	recommend	i204
u234	recommend	i514
u235	recommend	i56
u236	recommend	i582
u237	recommend	i175
u238	recommend	i111
u239	recommend	i170
u240	recommend	i258
u241	recommend	i258
u242	recommend	i1164
u243	recommend	i274
u244	recommend	i405
u245	recommend	i121
u246	recommend	i53
u247	recommend	i286
u248	recommend	i195
u249	recommend	i288
u250	recommend	i1
u251	recommend	i405
u252	recommend	i269
u253	recommend	i181
u254	recommend	i96
u255	recommend	i333
u256	recommend	i258
u257	recommend	i242
u258	recommend	i269
u259	recommend	i7
u260	recommend	i328
u261	recommend	i682
u262	recommend	i202
u263	recommend	i228
u264	recommend	i174
u265	recommend	i121
u266	recommend	i269
u267	recommend	i96
u268	recommend	i96
u269	recommend	i56
u270	recommend	i100
u271	recommend	i211
u272	recommend	i89
u273	recommend	i269
u274	recommend	i283
u275	recommend	i82
u276	recommend	i403
u277	recommend	i13
u278	recommend	i305
u279	recommend	i72
u280	recommend	i121
u281	recommend	i313
u282	recommend	i307
u283	recommend	i25
u284	recommend	i242
u285	recommend	i127
u286	recommend	i94
u287	recommend	i7
u288	recommend	i302
u289	recommend	i405
u290	recommend	i96
u291	recommend	i1011
u292	recommend	i273
u293	recommend	i318
u294	recommend	i948
u295	recommend	i451
u296	recommend	i276
u297	recommend	i181
u298	recommend	i15
u299	recommend	i116
u300	recommend	i258
u301	recommend	i234
u302	recommend	i300
u303	recommend	i89
u304	recommend	i294
u305	recommend	i514
u306	recommend	i285
u307	recommend	i202
u308	recommend	i474
u309	recommend	i288
u310	recommend	i13
u311	recommend	i402
u312	recommend	i663
u313	recommend	i173
u314	recommend	i181
u315	recommend	i7
u316	recommend	i216
u317	recommend	i258
u318	recommend	i300
u319	recommend	i258
u320	recommend	i181
u321	recommend	i204
u322	recommend	i23
u323	recommend	i276
u324	recommend	i333
u325	recommend	i603
u326	recommend	i357
u327	recommend	i187
u328	recommend	i174
u329	recommend	i9
u330	recommend	i202
u331	recommend	i98
u332	recommend	i15
u333	recommend	i50
u334	recommend	i462
u335	recommend	i326
u336	recommend	i756
u337	recommend	i1
u338	recommend	i648
u339	recommend	i172
u340	recommend	i210
u341	recommend	i350
u342	recommend	i127
u343	recommend	i181
u344	recommend	i100
u345	recommend	i276
u346	recommend	i202
u347	recommend	i98
u348	recommend	i756
u349	recommend	i100
u350	recommend	i98
u351	recommend	i682
u352	recommend	i7
u353	recommend	i313
u354	recommend	i517
u355	recommend	i334
u356	recommend	i269
u357	recommend	i25
u358	recommend	i286
u359	recommend	i288
u360	recommend	i9
u361	recommend	i127
u362	recommend	i326
u363	recommend	i447
u364	recommend	i258
u365	recommend	i286
u366	recommend	i672
u367	recommend	i273
u368	recommend	i441
u369	recommend	i300
u370	recommend	i286
u371	recommend	i195
u372	recommend	i302
u373	recommend	i98
u374	recommend	i410
u375	recommend	i56
u376	recommend	i286
u377	recommend	i300
u378	recommend	i70
u379	recommend	i210
u380	recommend	i56
u381	recommend	i70
u382	recommend	i13
u383	recommend	i269
u384	recommend	i328
u385	recommend	i174
u386	recommend	i742
u387	recommend	i100
u388	recommend	i181
u389	recommend	i582
u390	recommend	i313
u391	recommend	i56
u392	recommend	i100
u393	recommend	i402
u394	recommend	i230
u395	recommend	i294
u396	recommend	i294
u397	recommend	i258
u398	recommend	i172
u399	recommend	i403
u400	recommend	i326
u401	recommend	i50
u402	recommend	i15
u403	recommend	i405
u404	recommend	i300
u405	recommend	i153
u406	recommend	i474
u407	recommend	i186
u408	recommend	i269
u409	recommend	i302
u410	recommend	i272
u411	recommend	i69
u412	recommend	i50
u413	recommend	i475
u414	recommend	i333
u415	recommend	i300
u416	recommend	i181
u417	recommend	i204
u418	recommend	i347
u419	recommend	i514
u420	recommend	i269
u421	recommend	i187
u422	recommend	i246
u423	recommend	i294
u424	recommend	i313
u425	recommend	i226
u426	recommend	i611
u427	recommend	i288
u428	recommend	i258
u429	recommend	i174
u430	recommend	i475
u431	recommend	i258
u432	recommend	i405
u433	recommend	i313
u434	recommend	i13
u435	recommend	i161
u436	recommend	i56
u437	recommend	i173
u438	recommend	i111
u439	recommend	i129
u440	recommend	i286
u441	recommend	i258
u442	recommend	i50
u443	recommend	i300
u444	recommend	i294
u445	recommend	i129
u446	recommend	i258
u447	recommend	i273
u448	recommend	i242
u449	recommend	i13
u450	recommend	i191
u451	recommend	i313
u452	recommend	i56
u453	recommend	i121
u454	recommend	i294
u455	recommend	i294
u456	recommend	i7
u457	recommend	i405
u458	recommend	i151
u459	recommend	i118
u460	recommend	i100
u461	recommend	i300
u462	recommend	i294
u463	recommend	i14
u464	recommend	i7
u465	recommend	i100
u466	recommend	i271
u467	recommend	i129
u468	recommend	i174
u469	recommend	i514
u470	recommend	i508
u471	recommend	i560
u472	recommend	i568
u473	recommend	i100
u474	recommend	i199
u475	recommend	i272
u476	recommend	i69
u477	recommend	i1152
u478	recommend	i56
u479	recommend	i174
u480	recommend	i134
u481	recommend	i174
u482	recommend	i300
u483	recommend	i174
u484	recommend	i118
u485	recommend	i301
u486	recommend	i100
u487	recommend	i118
u488	recommend	i181
u489	recommend	i334
u490	recommend	i111
u491	recommend	i13
u492	recommend	i318
u493	recommend	i294
u494	recommend	i313
u495	recommend	i227
u496	recommend	i50
u497	recommend	i117
u498	recommend	i179
u499	recommend	i286
u500	recommend	i410
u501	recommend	i246
u502	recommend	i332
u503	recommend	i174
u504	recommend	i172
u505	recommend	i196
u506	recommend	i172
u507	recommend	i332
u508	recommend	i56
u509	recommend	i313
u510	recommend	i328
u511	recommend	i258
u512	recommend	i56
u513	recommend	i7
u514	recommend	i56
u515	recommend	i272
u516	recommend	i100
u517	recommend	i121
u518	recommend	i111
u519	recommend	i908
u520	recommend	i275
u521	recommend	i98
u522	recommend	i174
u523	recommend	i283
u524	recommend	i357
u525	recommend	i117
u526	recommend	i286
u527	recommend	i56
u528	recommend	i196
u529	recommend	i313
u530	recommend	i121
u531	recommend	i313
u532	recommend	i50
u533	recommend	i50
u534	recommend	i181
u535	recommend	i582
u536	recommend	i173
u537	recommend	i531
u538	recommend	i100
u539	recommend	i514
u540	recommend	i288
u541	recommend	i69
u542	recommend	i7
u543	recommend	i100
u544	recommend	i269
u545	recommend	i265
u546	recommend	i328
u547	recommend	i300
u548	recommend	i876
u549	recommend	i7
u550	recommend	i294
u551	recommend	i1
u552	recommend	i121
u553	recommend	i204
u554	recommend	i50
u555	recommend	i237
u556	recommend	i269
u557	recommend	i288
u558	recommend	i19
u559	recommend	i234
u560	recommend	i285
u561	recommend	i187
u562	recommend	i69
u563	recommend	i121
u564	recommend	i294
u565	recommend	i14
u566	recommend	i174
u567	recommend	i488
u568	recommend	i517
u569	recommend	i742
u570	recommend	i269
u571	recommend	i100
u572	recommend	i7
u573	recommend	i100
u574	recommend	i313
u575	recommend	i300
u576	recommend	i111
u577	recommend	i88
u578	recommend	i333
u579	recommend	i56
u580	recommend	i742
u581	recommend	i124
u582	recommend	i276
u583	recommend	i98
u584	recommend	i121
u585	recommend	i1195
u586	recommend	i55
u587	recommend	i879
u588	recommend	i300
u589	recommend	i269
u590	recommend	i25
u591	recommend	i69
u592	recommend	i284
u593	recommend	i237
u594	recommend	i286
u595	recommend	i7
u596	recommend	i269
u597	recommend	i288
u598	recommend	i328
u599	recommend	i815
u600	recommend	i672
u601	recommend	i7
u602	recommend	i258
u603	recommend	i96
u604	recommend	i219
u605	recommend	i258
u606	recommend	i1028
u607	recommend	i285
u608	recommend	i174
u609	recommend	i300
u610	recommend	i286
u611	recommend	i347
u612	recommend	i111
u613	recommend	i258
u614	recommend	i111
u615	recommend	i285
u616	recommend	i751
u617	recommend	i811
u618	recommend	i28
u619	recommend	i7
u620	recommend	i181
u621	recommend	i405
u622	recommend	i4
u623	recommend	i50
u624	recommend	i9
u625	recommend	i204
u626	recommend	i300
u627	recommend	i98
u628	recommend	i258
u629	recommend	i302
u630	recommend	i405
u631	recommend	i300
u632	recommend	i50
u633	recommend	i7
u634	recommend	i13
u635	recommend	i288
u636	recommend	i14
u637	recommend	i288
u638	recommend	i568
u639	recommend	i736
u640	recommend	i234
u641	recommend	i269
u642	recommend	i781
u643	recommend	i175
u644	recommend	i288
u645	recommend	i127
u646	recommend	i269
u647	recommend	i50
u648	recommend	i174
u649	recommend	i7
u650	recommend	i474
u651	recommend	i258
u652	recommend	i313
u653	recommend	i73
u654	recommend	i235
u655	recommend	i199
u656	recommend	i313
u657	recommend	i100
u658	recommend	i175
u659	recommend	i435
u660	recommend	i56
u661	recommend	i98
u662	recommend	i14
u663	recommend	i181
u664	recommend	i174
u665	recommend	i118
u666	recommend	i462
u667	recommend	i286
u668	recommend	i181
u669	recommend	i286
u670	recommend	i132
u671	recommend	i228
u672	recommend	i111
u673	recommend	i346
u674	recommend	i748
u675	recommend	i903
u676	recommend	i332
u677	recommend	i258
u678	recommend	i286
u679	recommend	i1
u680	recommend	i181
u681	recommend	i937
u682	recommend	i174
u683	recommend	i750
u684	recommend	i405
u685	recommend	i258
u686	recommend	i69
u687	recommend	i258
u688	recommend	i300
u689	recommend	i121
u690	recommend	i401
u691	recommend	i300
u692	recommend	i237
u693	recommend	i22
u694	recommend	i526
u695	recommend	i269
u696	recommend	i300
u697	recommend	i258
u698	recommend	i56
u699	recommend	i258
u700	recommend	i195
u701	recommend	i258
u702	recommend	i328
u703	recommend	i121
u704	recommend	i197
u705	recommend	i294
u706	recommend	i222
u707	recommend	i512
u708	recommend	i323
u709	recommend	i55
u710	recommend	i288
u711	recommend	i88
u712	recommend	i216
u713	recommend	i344
u714	recommend	i121
u715	recommend	i240
u716	recommend	i132
u717	recommend	i323
u718	recommend	i117
u719	recommend	i181
u720	recommend	i305
u721	recommend	i313
u722	recommend	i742
u723	recommend	i100
u724	recommend	i286
u725	recommend	i258
u726	recommend	i748
u727	recommend	i742
u728	recommend	i111
u729	recommend	i313
u730	recommend	i288
u731	recommend	i50
u732	recommend	i313
u733	recommend	i475
u734	recommend	i69
u735	recommend	i100
u736	recommend	i13
u737	recommend	i98
u738	recommend	i96
u739	recommend	i302
u740	recommend	i313
u741	recommend	i127
u742	recommend	i222
u743	recommend	i313
u744	recommend	i100
u745	recommend	i98
u746	recommend	i7
u747	recommend	i318
u748	recommend	i127
u749	recommend	i265
u750	recommend	i313
u751	recommend	i69
u752	recommend	i269
u753	recommend	i302
u754	recommend	i258
u755	recommend	i313
u756	recommend	i181
u757	recommend	i184
u758	recommend	i50
u759	recommend	i121
u760	recommend	i121
u761	recommend	i323
u762	recommend	i258
u763	recommend	i216
u764	recommend	i181
u765	recommend	i100
u766	recommend	i210
u767	recommend	i269
u768	recommend	i294
u769	recommend	i151
u770	recommend	i286
u771	recommend	i168
u772	recommend	i333
u773	recommend	i1194
u774	recommend	i435
u775	recommend	i749
u776	recommend	i56
u777	recommend	i50
u778	recommend	i56
u779	recommend	i748
u780	recommend	i197
u781	recommend	i50
u782	recommend	i327
u783	recommend	i326
u784	recommend	i301
u785	recommend	i100
u786	recommend	i69
u787	recommend	i272
u788	recommend	i161
u789	recommend	i7
u790	recommend	i118
u791	recommend	i313
u792	recommend	i1028
u793	recommend	i410
u794	recommend	i7
u795	recommend	i56
u796	recommend	i71
u797	recommend	i258
u798	recommend	i596
u799	recommend	i272
u800	recommend	i117
u801	recommend	i258
u802	recommend	i637
u803	recommend	i313
u804	recommend	i183
u805	recommend	i168
u806	recommend	i7
u807	recommend	i196
u808	recommend	i258
u809	recommend	i269
u810	recommend	i258
u811	recommend	i313
u812	recommend	i258
u813	recommend	i288
u814	recommend	i55
u815	recommend	i210
u816	recommend	i333
u817	recommend	i742
u818	recommend	i333
u819	recommend	i288
u820	recommend	i300
u821	recommend	i1028
u822	recommend	i230
u823	recommend	i496
u824	recommend	i258
u825	recommend	i1028
u826	recommend	i227
u827	recommend	i313
u828	recommend	i896
u829	recommend	i285
u830	recommend	i97
u831	recommend	i50
u832	recommend	i333
u833	recommend	i42
u834	recommend	i748
u835	recommend	i50
u836	recommend	i300
u837	recommend	i14
u838	recommend	i25
u839	recommend	i288
u840	recommend	i483
u841	recommend	i328
u842	recommend	i286
u843	recommend	i22
u844	recommend	i50
u845	recommend	i347
u846	recommend	i172
u847	recommend	i174
u848	recommend	i175
u849	recommend	i181
u850	recommend	i69
u851	recommend	i117
u852	recommend	i742
u853	recommend	i313
u854	recommend	i276
u855	recommend	i14
u856	recommend	i269
u857	recommend	i269
u858	recommend	i258
u859	recommend	i1152
u860	recommend	i347
u861	recommend	i269
u862	recommend	i56
u863	recommend	i682
u864	recommend	i89
u865	recommend	i742
u866	recommend	i882
u867	recommend	i100
u868	recommend	i196
u869	recommend	i283
u870	recommend	i98
u871	recommend	i288
u872	recommend	i181
u873	recommend	i301
u874	recommend	i269
u875	recommend	i56
u876	recommend	i514
u877	recommend	i313
u878	recommend	i83
u879	recommend	i121
u880	recommend	i151
u881	recommend	i195
u882	recommend	i125
u883	recommend	i451
u884	recommend	i286
u885	recommend	i83
u886	recommend	i186
u887	recommend	i117
u888	recommend	i216
u889	recommend	i286
u890	recommend	i96
u891	recommend	i15
u892	recommend	i211
u893	recommend	i121
u894	recommend	i221
u895	recommend	i288
u896	recommend	i174
u897	recommend	i229
u898	recommend	i269
u899	recommend	i405
u900	recommend	i7
u901	recommend	i202
u902	recommend	i286
u903	recommend	i98
u904	recommend	i294
u905	recommend	i286
u906	recommend	i14
u907	recommend	i9
u908	recommend	i168
u909	recommend	i269
u910	recommend	i7
u911	recommend	i69
u912	recommend	i179
u913	recommend	i98
u914	recommend	i1503
u915	recommend	i887
u916	recommend	i13
u917	recommend	i294
u918	recommend	i954
u919	recommend	i121
u920	recommend	i258
u921	recommend	i756
u922	recommend	i96
u923	recommend	i7
u924	recommend	i483
u925	recommend	i7
u926	recommend	i268
u927	recommend	i121
u928	recommend	i181
u929	recommend	i64
u930	recommend	i13
u931	recommend	i286
u932	recommend	i492
u933	recommend	i240
u934	recommend	i98
u935	recommend	i111
u936	recommend	i286
u937	recommend	i269
u938	recommend	i294
u939	recommend	i294
u940	recommend	i127
u941	recommend	i288
u942	recommend	i294
u943	recommend	i7
