i0	genre	Animation
i0	genre	Children's
i0	genre	Comedy
i1	genre	Action
i1	genre	Adventure
i1	genre	Thriller
i2	genre	Thriller
i3	genre	Action
i3	genre	Comedy
i3	genre	Drama
i4	genre	Crime
i4	genre	Drama
i4	genre	Thriller
i5	genre	Drama
i6	genre	Drama
i6	genre	Sci-Fi
i7	genre	Children's
i7	genre	Comedy
i7	genre	Drama
i8	genre	Drama
i9	genre	Drama
i9	genre	War
i10	genre	Crime
i10	genre	Thriller
i11	genre	Crime
i11	genre	Thriller
i12	genre	Comedy
i13	genre	Drama
i13	genre	Romance
i14	genre	Drama
i15	genre	Comedy
i15	genre	Romance
i16	genre	Action
i16	genre	Comedy
i16	genre	Crime
i16	genre	Horror
i16	genre	Thriller
i17	genre	Drama
i18	genre	Drama
i19	genre	Drama
i19	genre	Romance
i20	genre	Action
i20	genre	Adventure
i20	genre	Comedy
i20	genre	Musical
i20	genre	Thriller
i21	genre	Action
i21	genre	Drama
i21	genre	War
i22	genre	Drama
i22	genre	Thriller
i23	genre	Action
i23	genre	Adventure
i23	genre	Crime
i24	genre	Comedy
i25	genre	Comedy
i26	genre	Action
i27	genre	Action
i27	genre	Drama
i27	genre	Thriller
i28	genre	Action
i28	genre	Adventure
i28	genre	Comedy
i28	genre	Crime
i29	genre	Drama
i30	genre	Drama
i30	genre	Thriller
i30	genre	War
i31	genre	Documentary
i32	genre	Action
i32	genre	Romance
i32	genre	Thriller
i33	genre	Comedy
i33	genre	Drama
i34	genre	Adventure
i34	genre	Children's
i34	genre	Drama
i35	genre	Drama
i35	genre	Romance
i36	genre	Drama
i37	genre	Sci-Fi
i37	genre	Thriller
i38	genre	Action
i38	genre	Crime
i38	genre	Sci-Fi
i39	genre	Comedy
i40	genre	Comedy
i41	genre	Comedy
i42	genre	Drama
i42	genre	Thriller
i43	genre	Drama
i43	genre	Thriller
i44	genre	Comedy
i44	genre	Drama
i45	genre	Drama
i46	genre	Comedy
i46	genre	Drama
i47	genre	Documentary
i48	genre	Comedy
i48	genre	Romance
i49	genre	Action
i49	genre	Adventure
i49	genre	Romance
i49	genre	Sci-Fi
i49	genre	War
i50	genre	Drama
i50	genre	Romance
i50	genre	War
i50	genre	Western
i51	genre	Drama
i52	genre	Action
i52	genre	Thriller
i53	genre	Action
i53	genre	Drama
i53	genre	Thriller
i54	genre	Crime
i54	genre	Drama
i54	genre	Romance
i54	genre	Thriller
i55	genre	Crime
i55	genre	Drama
i56	genre	Drama
i57	genre	Drama
i58	genre	Drama
i59	genre	Drama
i60	genre	Drama
i61	genre	Action
i61	genre	Adventure
i61	genre	Sci-Fi
i62	genre	Children's
i62	genre	Comedy
i63	genre	Drama
i64	genre	Comedy
i64	genre	Drama
i65	genre	Comedy
i65	genre	Romance
i66	genre	Comedy
i67	genre	Action
i67	genre	Romance
i67	genre	Thriller
i68	genre	Comedy
i68	genre	Romance
i68	genre	War
i69	genre	Comedy
i69	genre	Romance
i70	genre	Animation
i70	genre	Children's
i70	genre	Musical
i71	genre	Comedy
i71	genre	Crime
i71	genre	Fantasy
i72	genre	Action
i72	genre	Comedy
i72	genre	Western
i73	genre	Action
i73	genre	Comedy
i73	genre	Drama
i74	genre	Documentary
i75	genre	Crime
i75	genre	Drama
i76	genre	Drama
i76	genre	Thriller
i77	genre	Adventure
i77	genre	Children's
i77	genre	Drama
i78	genre	Action
i78	genre	Thriller
i79	genre	Action
i79	genre	Comedy
i79	genre	War
i80	genre	Comedy
i80	genre	Romance
i81	genre	Action
i81	genre	Adventure
i81	genre	Sci-Fi
i82	genre	Comedy
i82	genre	Romance
i83	genre	Horror
i83	genre	Sci-Fi
i84	genre	Comedy
i85	genre	Drama
i86	genre	Drama
i87	genre	Comedy
i87	genre	Romance
i88	genre	Film-Noir
i88	genre	Sci-Fi
i89	genre	Comedy
i89	genre	Romance
i89	genre	Thriller
i90	genre	Children's
i90	genre	Comedy
i90	genre	Musical
i91	genre	Action
i91	genre	Crime
i91	genre	Romance
i92	genre	Comedy
i92	genre	Drama
i93	genre	Children's
i93	genre	Comedy
i94	genre	Animation
i94	genre	Children's
i94	genre	Comedy
i94	genre	Musical
i95	genre	Action
i95	genre	Sci-Fi
i95	genre	Thriller
i96	genre	Adventure
i96	genre	Drama
i96	genre	Western
i97	genre	Drama
i97	genre	Thriller
i98	genre	Animation
i98	genre	Children's
i98	genre	Musical
i99	genre	Crime
i99	genre	Drama
i99	genre	Thriller
i100	genre	Action
i100	genre	Adventure
i100	genre	Animation
i100	genre	Horror
i100	genre	Sci-Fi
i101	genre	Animation
i101	genre	Children's
i102	genre	Animation
i102	genre	Children's
i102	genre	Musical
i103	genre	Comedy
i104	genre	Comedy
i105	genre	Drama
i105	genre	Thriller
i106	genre	Drama
i107	genre	Comedy
i108	genre	Comedy
i108	genre	Sci-Fi
i109	genre	Action
i109	genre	Adventure
i109	genre	Comedy
i109	genre	War
i110	genre	Comedy
i110	genre	Romance
i111	genre	Adventure
i111	genre	Children's
i112	genre	Drama
i113	genre	Animation
i114	genre	Documentary
i115	genre	Comedy
i116	genre	Action
i116	genre	Adventure
i116	genre	Thriller
i117	genre	Action
i117	genre	Adventure
i117	genre	Thriller
i118	genre	Documentary
i119	genre	Comedy
i119	genre	Crime
i120	genre	Action
i120	genre	Sci-Fi
i120	genre	War
i121	genre	Comedy
i122	genre	Comedy
i122	genre	Horror
i123	genre	Drama
i123	genre	Mystery
i124	genre	Drama
i124	genre	Romance
i125	genre	Drama
i126	genre	Action
i126	genre	Crime
i126	genre	Drama
i127	genre	Action
i127	genre	Thriller
i128	genre	Crime
i128	genre	Drama
i128	genre	Romance
i128	genre	Thriller
i129	genre	Crime
i130	genre	Drama
i130	genre	Romance
i131	genre	Adventure
i131	genre	Children's
i131	genre	Drama
i131	genre	Musical
i132	genre	Drama
i132	genre	Romance
i132	genre	War
i133	genre	Drama
i134	genre	Drama
i134	genre	Mystery
i134	genre	Sci-Fi
i134	genre	Thriller
i135	genre	Drama
i136	genre	Drama
i137	genre	Children's
i137	genre	Comedy
i138	genre	Children's
i138	genre	Comedy
i139	genre	Adventure
i139	genre	Children's
i140	genre	Adventure
i140	genre	Children's
i140	genre	Fantasy
i140	genre	Sci-Fi
i141	genre	Adventure
i141	genre	Children's
i141	genre	Musical
i142	genre	Musical
i143	genre	Action
i143	genre	Thriller
i144	genre	Action
i144	genre	Sci-Fi
i144	genre	Thriller
i145	genre	Drama
i146	genre	Action
i146	genre	Thriller
i147	genre	Action
i147	genre	Adventure
i148	genre	Drama
i149	genre	Comedy
i149	genre	Drama
i150	genre	Adventure
i150	genre	Children's
i150	genre	Comedy
i151	genre	Comedy
i151	genre	Sci-Fi
i152	genre	Comedy
i153	genre	Comedy
i154	genre	Musical
i154	genre	Romance
i155	genre	Crime
i155	genre	Thriller
i156	genre	Drama
i156	genre	War
i157	genre	Comedy
i158	genre	Mystery
i158	genre	Thriller
i159	genre	Drama
i160	genre	Action
i160	genre	Romance
i161	genre	Drama
i162	genre	Comedy
i163	genre	Action
i163	genre	Adventure
i163	genre	Sci-Fi
i163	genre	Thriller
i164	genre	Drama
i165	genre	Drama
i166	genre	Comedy
i167	genre	Comedy
i168	genre	Animation
i168	genre	Comedy
i169	genre	Comedy
i169	genre	Drama
i169	genre	Romance
i170	genre	Comedy
i170	genre	Sci-Fi
i171	genre	Action
i171	genre	Adventure
i171	genre	Drama
i171	genre	Romance
i171	genre	Sci-Fi
i171	genre	War
i172	genre	Action
i172	genre	Adventure
i172	genre	Comedy
i172	genre	Romance
i173	genre	Action
i173	genre	Adventure
i174	genre	Sci-Fi
i175	genre	Action
i175	genre	Sci-Fi
i175	genre	Thriller
i175	genre	War
i176	genre	Action
i176	genre	Western
i177	genre	Drama
i178	genre	Sci-Fi
i179	genre	Drama
i179	genre	War
i180	genre	Action
i180	genre	Adventure
i180	genre	Romance
i180	genre	Sci-Fi
i180	genre	War
i181	genre	Crime
i181	genre	Drama
i182	genre	Action
i182	genre	Horror
i182	genre	Sci-Fi
i182	genre	Thriller
i183	genre	Action
i183	genre	Adventure
i183	genre	Comedy
i183	genre	Horror
i183	genre	Sci-Fi
i184	genre	Horror
i184	genre	Romance
i184	genre	Thriller
i185	genre	Action
i185	genre	Comedy
i185	genre	Musical
i186	genre	Action
i186	genre	Crime
i186	genre	Drama
i187	genre	Action
i187	genre	Drama
i187	genre	War
i188	genre	Animation
i188	genre	Comedy
i189	genre	Drama
i189	genre	War
i190	genre	Drama
i190	genre	Mystery
i191	genre	Drama
i192	genre	Drama
i193	genre	Comedy
i193	genre	Crime
i194	genre	Action
i194	genre	Sci-Fi
i194	genre	Thriller
i195	genre	Drama
i196	genre	Drama
i196	genre	Romance
i197	genre	Thriller
i198	genre	Drama
i198	genre	War
i199	genre	Horror
i200	genre	Action
i200	genre	Adventure
i200	genre	Comedy
i200	genre	Horror
i201	genre	Comedy
i201	genre	Romance
i202	genre	Western
i203	genre	Comedy
i203	genre	Sci-Fi
i204	genre	Drama
i204	genre	War
i205	genre	Adventure
i205	genre	Animation
i205	genre	Sci-Fi
i205	genre	Thriller
i206	genre	Action
i206	genre	Drama
i206	genre	Romance
i207	genre	Comedy
i207	genre	Horror
i208	genre	Comedy
i208	genre	Drama
i208	genre	Musical
i209	genre	Action
i209	genre	Adventure
i210	genre	Comedy
i210	genre	War
i211	genre	Drama
i212	genre	Drama
i212	genre	Romance
i213	genre	Drama
i213	genre	Musical
i213	genre	War
i214	genre	Drama
i215	genre	Comedy
i215	genre	Romance
i216	genre	Horror
i216	genre	Romance
i217	genre	Thriller
i218	genre	Horror
i219	genre	Comedy
i219	genre	Romance
i220	genre	Drama
i221	genre	Action
i221	genre	Adventure
i221	genre	Sci-Fi
i222	genre	Drama
i222	genre	Thriller
i223	genre	Drama
i224	genre	Children's
i224	genre	Comedy
i225	genre	Action
i225	genre	Thriller
i226	genre	Action
i226	genre	Adventure
i226	genre	Sci-Fi
i227	genre	Action
i227	genre	Adventure
i227	genre	Sci-Fi
i228	genre	Action
i228	genre	Adventure
i228	genre	Sci-Fi
i229	genre	Action
i229	genre	Adventure
i229	genre	Sci-Fi
i230	genre	Action
i230	genre	Adventure
i230	genre	Comedy
i230	genre	Crime
i231	genre	Action
i231	genre	Comedy
i231	genre	Western
i232	genre	Action
i233	genre	Action
i233	genre	Horror
i234	genre	Action
i234	genre	Comedy
i234	genre	Sci-Fi
i234	genre	War
i235	genre	Comedy
i235	genre	Drama
i236	genre	Drama
i236	genre	Romance
i237	genre	Comedy
i238	genre	Crime
i238	genre	Drama
i238	genre	Sci-Fi
i239	genre	Animation
i239	genre	Comedy
i240	genre	Action
i240	genre	Romance
i240	genre	War
i241	genre	Comedy
i242	genre	Children's
i242	genre	Comedy
i243	genre	Action
i243	genre	Drama
i243	genre	Thriller
i244	genre	Action
i244	genre	Drama
i244	genre	Thriller
i244	genre	War
i245	genre	Drama
i245	genre	Romance
i246	genre	Action
i246	genre	Adventure
i246	genre	Children's
i247	genre	Comedy
i247	genre	Crime
i248	genre	Comedy
i249	genre	Action
i249	genre	Sci-Fi
i250	genre	Comedy
i251	genre	Action
i251	genre	Adventure
i251	genre	Sci-Fi
i251	genre	Thriller
i252	genre	Drama
i252	genre	Romance
i253	genre	Action
i253	genre	Adventure
i253	genre	Crime
i254	genre	Comedy
i254	genre	Romance
i255	genre	Comedy
i255	genre	Romance
i256	genre	Action
i256	genre	Adventure
i256	genre	Comedy
i256	genre	Sci-Fi
i257	genre	Drama
i257	genre	Sci-Fi
i258	genre	Children's
i258	genre	Comedy
i259	genre	Action
i259	genre	Mystery
i259	genre	Sci-Fi
i259	genre	Thriller
i260	genre	Children's
i260	genre	Comedy
i261	genre	Drama
i262	genre	Action
i263	genre	Sci-Fi
i263	genre	Thriller
i264	genre	Action
i264	genre	Thriller
i265	genre	Action
i265	genre	Adventure
i267	genre	Drama
i267	genre	Romance
i268	genre	Comedy
i269	genre	Drama
i269	genre	Sci-Fi
i269	genre	Thriller
i270	genre	Action
i270	genre	Adventure
i270	genre	Sci-Fi
i270	genre	War
i271	genre	Drama
i272	genre	Action
i272	genre	Crime
i272	genre	Thriller
i273	genre	Comedy
i273	genre	Romance
i274	genre	Drama
i274	genre	Romance
i275	genre	Drama
i275	genre	Romance
i276	genre	Drama
i277	genre	Drama
i277	genre	Romance
i278	genre	Drama
i279	genre	Drama
i279	genre	Romance
i280	genre	Action
i280	genre	Thriller
i281	genre	Drama
i282	genre	Drama
i282	genre	Romance
i283	genre	Comedy
i283	genre	Romance
i284	genre	Drama
i285	genre	Drama
i285	genre	Romance
i285	genre	War
i286	genre	Drama
i287	genre	Horror
i287	genre	Thriller
i288	genre	Drama
i288	genre	Musical
i289	genre	Comedy
i290	genre	Mystery
i290	genre	Thriller
i291	genre	Drama
i292	genre	Crime
i292	genre	Drama
i293	genre	Comedy
i294	genre	Action
i294	genre	Thriller
i295	genre	Drama
i296	genre	Drama
i297	genre	Action
i297	genre	Sci-Fi
i297	genre	Thriller
i298	genre	Crime
i298	genre	Drama
i298	genre	Film-Noir
i299	genre	Action
i299	genre	Thriller
i300	genre	Comedy
i301	genre	Crime
i301	genre	Film-Noir
i301	genre	Mystery
i301	genre	Thriller
i302	genre	Drama
i303	genre	Adventure
i303	genre	Children's
i304	genre	Drama
i305	genre	Drama
i305	genre	Romance
i306	genre	Crime
i306	genre	Horror
i306	genre	Mystery
i306	genre	Thriller
i307	genre	Children's
i307	genre	Drama
i307	genre	Fantasy
i308	genre	Crime
i309	genre	Drama
i310	genre	Drama
i310	genre	Romance
i310	genre	Thriller
i311	genre	Comedy
i311	genre	Crime
i311	genre	Drama
i311	genre	Mystery
i312	genre	Action
i312	genre	Drama
i312	genre	Romance
i313	genre	Action
i313	genre	Children's
i314	genre	Drama
i314	genre	Thriller
i315	genre	Comedy
i315	genre	Drama
i316	genre	Drama
i317	genre	Drama
i317	genre	War
i318	genre	Comedy
i318	genre	Musical
i318	genre	Romance
i319	genre	Documentary
i320	genre	Comedy
i321	genre	Mystery
i321	genre	Thriller
i322	genre	Action
i322	genre	Thriller
i323	genre	Mystery
i324	genre	Drama
i324	genre	Thriller
i325	genre	Action
i325	genre	Drama
i325	genre	War
i326	genre	Crime
i326	genre	Drama
i326	genre	Mystery
i327	genre	Action
i327	genre	Mystery
i327	genre	Romance
i327	genre	Thriller
i328	genre	Crime
i328	genre	Drama
i328	genre	Thriller
i329	genre	Drama
i330	genre	Adventure
i330	genre	Thriller
i331	genre	Crime
i331	genre	Drama
i331	genre	Thriller
i332	genre	Mystery
i332	genre	Thriller
i333	genre	Action
i333	genre	Crime
i333	genre	Mystery
i334	genre	Comedy
i335	genre	Crime
i335	genre	Thriller
i336	genre	Comedy
i336	genre	Drama
i336	genre	Thriller
i337	genre	Comedy
i338	genre	Action
i338	genre	Drama
i339	genre	Drama
i340	genre	Comedy
i341	genre	Comedy
i341	genre	Mystery
i342	genre	Action
i342	genre	Horror
i342	genre	Sci-Fi
i343	genre	Drama
i344	genre	Comedy
i344	genre	Drama
i345	genre	Crime
i345	genre	Drama
i346	genre	Comedy
i346	genre	Drama
i347	genre	Crime
i347	genre	Drama
i347	genre	Thriller
i348	genre	Action
i348	genre	Thriller
i349	genre	Action
i349	genre	Mystery
i349	genre	Thriller
i350	genre	Horror
i351	genre	Comedy
i351	genre	Musical
i352	genre	Action
i352	genre	Horror
i352	genre	Sci-Fi
i353	genre	Comedy
i353	genre	Romance
i354	genre	Adventure
i354	genre	Sci-Fi
i354	genre	Thriller
i355	genre	Drama
i355	genre	Mystery
i355	genre	Thriller
i356	genre	Drama
i357	genre	Action
i357	genre	Adventure
i357	genre	Sci-Fi
i357	genre	Thriller
i358	genre	Thriller
i359	genre	Documentary
i360	genre	Crime
i360	genre	Thriller
i361	genre	Action
i361	genre	Comedy
i361	genre	Musical
i362	genre	Action
i363	genre	Comedy
i364	genre	Drama
i365	genre	Drama
i366	genre	Comedy
i367	genre	Comedy
i368	genre	Comedy
i369	genre	Drama
i369	genre	Thriller
i370	genre	Drama
i370	genre	Romance
i371	genre	Comedy
i372	genre	Action
i372	genre	Adventure
i372	genre	Sci-Fi
i373	genre	Action
i373	genre	Children's
i374	genre	Drama
i375	genre	Comedy
i376	genre	Children's
i376	genre	Comedy
i377	genre	Drama
i378	genre	Horror
i379	genre	Action
i379	genre	Adventure
i379	genre	Sci-Fi
i380	genre	Comedy
i380	genre	Romance
i381	genre	Comedy
i381	genre	Drama
i382	genre	Children's
i382	genre	Comedy
i383	genre	Comedy
i384	genre	Action
i384	genre	Adventure
i384	genre	Comedy
i384	genre	Romance
i385	genre	Comedy
i386	genre	Drama
i387	genre	Action
i387	genre	Comedy
i388	genre	Adventure
i388	genre	Children's
i389	genre	Comedy
i390	genre	Action
i390	genre	Comedy
i391	genre	Drama
i392	genre	Comedy
i393	genre	Comedy
i393	genre	Mystery
i393	genre	Romance
i394	genre	Comedy
i395	genre	Comedy
i395	genre	Crime
i395	genre	Horror
i396	genre	Action
i397	genre	Action
i397	genre	Adventure
i397	genre	Children's
i397	genre	Sci-Fi
i398	genre	Action
i398	genre	Adventure
i398	genre	Comedy
i399	genre	Children's
i399	genre	Comedy
i400	genre	Comedy
i401	genre	Comedy
i401	genre	Romance
i401	genre	Thriller
i402	genre	Action
i402	genre	Adventure
i402	genre	Crime
i402	genre	Drama
i403	genre	Animation
i403	genre	Children's
i404	genre	Action
i404	genre	Adventure
i404	genre	Mystery
i405	genre	Horror
i405	genre	Thriller
i406	genre	Comedy
i407	genre	Animation
i407	genre	Comedy
i407	genre	Thriller
i408	genre	Comedy
i408	genre	Drama
i409	genre	Comedy
i410	genre	Comedy
i410	genre	Fantasy
i410	genre	Romance
i410	genre	Sci-Fi
i411	genre	Comedy
i412	genre	Horror
i413	genre	Comedy
i414	genre	Children's
i414	genre	Comedy
i414	genre	Western
i415	genre	Children's
i415	genre	Drama
i416	genre	Children's
i416	genre	Drama
i417	genre	Animation
i417	genre	Children's
i417	genre	Musical
i418	genre	Children's
i418	genre	Comedy
i418	genre	Musical
i419	genre	Animation
i419	genre	Children's
i419	genre	Musical
i420	genre	Drama
i420	genre	Romance
i421	genre	Animation
i421	genre	Children's
i421	genre	Comedy
i422	genre	Children's
i422	genre	Drama
i422	genre	Fantasy
i422	genre	Sci-Fi
i423	genre	Horror
i424	genre	Comedy
i425	genre	Action
i425	genre	Animation
i425	genre	Children's
i425	genre	Sci-Fi
i425	genre	Thriller
i425	genre	War
i426	genre	Drama
i427	genre	Comedy
i428	genre	Drama
i428	genre	Sci-Fi
i429	genre	Comedy
i429	genre	War
i430	genre	Action
i430	genre	Adventure
i431	genre	Animation
i431	genre	Children's
i431	genre	Musical
i432	genre	Comedy
i433	genre	Sci-Fi
i434	genre	Action
i434	genre	Comedy
i434	genre	Western
i435	genre	Horror
i436	genre	Horror
i437	genre	Horror
i438	genre	Horror
i439	genre	Horror
i440	genre	Horror
i441	genre	Horror
i442	genre	Horror
i443	genre	Horror
i443	genre	Sci-Fi
i444	genre	Horror
i445	genre	Horror
i446	genre	Horror
i447	genre	Horror
i448	genre	Action
i448	genre	Adventure
i448	genre	Sci-Fi
i449	genre	Action
i449	genre	Adventure
i449	genre	Sci-Fi
i450	genre	Comedy
i450	genre	Musical
i450	genre	Romance
i451	genre	Action
i451	genre	Horror
i452	genre	Action
i452	genre	Horror
i453	genre	Drama
i454	genre	Action
i455	genre	Action
i455	genre	Comedy
i456	genre	Adventure
i456	genre	Children's
i456	genre	Drama
i457	genre	Drama
i458	genre	Drama
i459	genre	Drama
i460	genre	Drama
i461	genre	Drama
i461	genre	Romance
i462	genre	Adventure
i463	genre	Drama
i464	genre	Adventure
i464	genre	Children's
i464	genre	Romance
i465	genre	Thriller
i466	genre	Drama
i467	genre	Drama
i468	genre	Drama
i469	genre	Western
i470	genre	Drama
i470	genre	War
i471	genre	Action
i471	genre	Adventure
i471	genre	Fantasy
i472	genre	Animation
i472	genre	Children's
i472	genre	Musical
i473	genre	Sci-Fi
i473	genre	War
i474	genre	Drama
i475	genre	Comedy
i476	genre	Children's
i476	genre	Comedy
i477	genre	Comedy
i477	genre	Romance
i478	genre	Mystery
i478	genre	Thriller
i479	genre	Comedy
i479	genre	Thriller
i480	genre	Comedy
i480	genre	Drama
i481	genre	Comedy
i481	genre	Crime
i482	genre	Drama
i482	genre	Romance
i482	genre	War
i483	genre	Film-Noir
i483	genre	Mystery
i484	genre	Musical
i484	genre	Romance
i485	genre	Comedy
i485	genre	Romance
i486	genre	Comedy
i486	genre	Romance
i487	genre	Film-Noir
i488	genre	Film-Noir
i488	genre	Romance
i488	genre	Thriller
i489	genre	Comedy
i489	genre	Romance
i489	genre	Thriller
i490	genre	Action
i490	genre	Adventure
i491	genre	Drama
i492	genre	Mystery
i493	genre	Comedy
i494	genre	Adventure
i494	genre	Comedy
i495	genre	Drama
i496	genre	Comedy
i497	genre	Action
i497	genre	Adventure
i497	genre	Romance
i497	genre	War
i498	genre	Drama
i499	genre	Adventure
i499	genre	Children's
i500	genre	Animation
i500	genre	Children's
i500	genre	Musical
i501	genre	Comedy
i501	genre	War
i502	genre	Drama
i503	genre	Crime
i503	genre	Drama
i504	genre	Mystery
i504	genre	Thriller
i505	genre	Drama
i506	genre	Drama
i507	genre	Drama
i508	genre	Drama
i509	genre	Action
i509	genre	Drama
i509	genre	Western
i510	genre	Adventure
i510	genre	War
i511	genre	Comedy
i511	genre	Drama
i511	genre	Romance
i512	genre	Mystery
i512	genre	Thriller
i513	genre	Comedy
i513	genre	Romance
i514	genre	Action
i514	genre	Drama
i514	genre	War
i515	genre	Comedy
i516	genre	Comedy
i516	genre	Drama
i516	genre	Romance
i517	genre	Drama
i518	genre	Adventure
i519	genre	Adventure
i519	genre	War
i520	genre	Drama
i520	genre	War
i521	genre	Comedy
i521	genre	Drama
i522	genre	Comedy
i522	genre	Drama
i523	genre	Comedy
i524	genre	Film-Noir
i524	genre	Mystery
i525	genre	Action
i525	genre	Adventure
i525	genre	Drama
i526	genre	Drama
i527	genre	Drama
i527	genre	War
i528	genre	Drama
i529	genre	Adventure
i530	genre	Drama
i530	genre	Romance
i531	genre	Romance
i532	genre	Mystery
i533	genre	Drama
i534	genre	Comedy
i534	genre	Romance
i535	genre	Drama
i536	genre	Drama
i537	genre	Animation
i537	genre	Children's
i537	genre	Musical
i538	genre	Children's
i538	genre	Comedy
i539	genre	Action
i540	genre	Action
i540	genre	Adventure
i541	genre	Animation
i541	genre	Children's
i541	genre	Musical
i541	genre	Romance
i542	genre	Drama
i542	genre	Musical
i543	genre	Crime
i543	genre	Drama
i543	genre	Romance
i544	genre	Comedy
i544	genre	Romance
i545	genre	Action
i545	genre	Thriller
i546	genre	Crime
i547	genre	Children's
i547	genre	Fantasy
i548	genre	Drama
i548	genre	Romance
i548	genre	War
i549	genre	Action
i549	genre	Thriller
i550	genre	Horror
i551	genre	Sci-Fi
i552	genre	Drama
i552	genre	Romance
i553	genre	Action
i553	genre	Adventure
i554	genre	Drama
i555	genre	Western
i556	genre	Drama
i556	genre	Musical
i557	genre	Drama
i557	genre	Fantasy
i557	genre	Thriller
i558	genre	Drama
i558	genre	Horror
i559	genre	Adventure
i559	genre	Children's
i559	genre	Comedy
i559	genre	Fantasy
i559	genre	Romance
i559	genre	Sci-Fi
i560	genre	Drama
i560	genre	Horror
i561	genre	Action
i561	genre	Adventure
i561	genre	Western
i562	genre	Horror
i563	genre	Comedy
i563	genre	Horror
i564	genre	Horror
i564	genre	Thriller
i565	genre	Action
i565	genre	Adventure
i565	genre	Thriller
i566	genre	Horror
i567	genre	Action
i567	genre	Romance
i567	genre	Thriller
i568	genre	Drama
i568	genre	Horror
i569	genre	Western
i570	genre	Comedy
i570	genre	Thriller
i571	genre	Action
i571	genre	Thriller
i572	genre	Horror
i572	genre	Sci-Fi
i572	genre	Thriller
i573	genre	Mystery
i573	genre	Romance
i573	genre	Thriller
i574	genre	Comedy
i574	genre	Western
i575	genre	Action
i575	genre	Adventure
i575	genre	Crime
i576	genre	Comedy
i576	genre	Sci-Fi
i577	genre	Action
i577	genre	Sci-Fi
i578	genre	Comedy
i579	genre	Comedy
i579	genre	Romance
i580	genre	Drama
i580	genre	Thriller
i581	genre	Drama
i581	genre	Romance
i582	genre	Crime
i582	genre	Thriller
i583	genre	Children's
i583	genre	Drama
i584	genre	Comedy
i585	genre	Action
i586	genre	Drama
i586	genre	Mystery
i587	genre	Animation
i587	genre	Children's
i587	genre	Musical
i588	genre	Western
i589	genre	Action
i589	genre	Horror
i589	genre	Sci-Fi
i590	genre	Drama
i590	genre	Thriller
i591	genre	Mystery
i591	genre	Thriller
i592	genre	War
i593	genre	Drama
i593	genre	Romance
i594	genre	Thriller
i595	genre	Animation
i595	genre	Children's
i595	genre	Musical
i596	genre	Action
i596	genre	Thriller
i597	genre	Comedy
i597	genre	Drama
i598	genre	Action
i599	genre	Children's
i600	genre	Adventure
i600	genre	War
i601	genre	Musical
i601	genre	Romance
i602	genre	Mystery
i602	genre	Thriller
i603	genre	Comedy
i604	genre	Musical
i605	genre	Drama
i606	genre	Romance
i606	genre	Thriller
i607	genre	Mystery
i607	genre	Romance
i607	genre	Thriller
i608	genre	Comedy
i609	genre	Musical
i610	genre	Crime
i610	genre	Film-Noir
i610	genre	Mystery
i611	genre	Drama
i612	genre	Comedy
i613	genre	Drama
i614	genre	Thriller
i615	genre	Horror
i615	genre	Sci-Fi
i616	genre	Drama
i617	genre	Drama
i618	genre	Drama
i618	genre	Thriller
i619	genre	Drama
i620	genre	Western
i621	genre	Adventure
i621	genre	Children's
i622	genre	Children's
i622	genre	Comedy
i623	genre	Animation
i623	genre	Children's
i623	genre	Musical
i624	genre	Animation
i624	genre	Children's
i625	genre	Children's
i625	genre	Drama
i626	genre	Drama
i627	genre	Crime
i627	genre	Drama
i628	genre	Comedy
i628	genre	Musical
i629	genre	Comedy
i629	genre	Musical
i630	genre	Action
i630	genre	Drama
i630	genre	Romance
i630	genre	War
i631	genre	Drama
i632	genre	Drama
i633	genre	Documentary
i634	genre	Horror
i635	genre	Action
i635	genre	Adventure
i635	genre	Sci-Fi
i635	genre	Thriller
i636	genre	Comedy
i636	genre	Horror
i637	genre	Drama
i638	genre	Drama
i639	genre	Drama
i640	genre	Drama
i640	genre	War
i641	genre	Crime
i641	genre	Drama
i641	genre	Film-Noir
i642	genre	Drama
i642	genre	Romance
i643	genre	Documentary
i644	genre	Documentary
i645	genre	Western
i646	genre	Drama
i646	genre	War
i647	genre	Comedy
i647	genre	Romance
i648	genre	Crime
i648	genre	Drama
i648	genre	Thriller
i649	genre	Drama
i650	genre	Action
i650	genre	Drama
i650	genre	War
i651	genre	Comedy
i651	genre	Drama
i652	genre	Crime
i652	genre	Film-Noir
i652	genre	Thriller
i653	genre	Film-Noir
i653	genre	Mystery
i653	genre	Thriller
i654	genre	Adventure
i654	genre	Comedy
i654	genre	Drama
i655	genre	Crime
i655	genre	Film-Noir
i655	genre	Thriller
i656	genre	Film-Noir
i656	genre	Thriller
i657	genre	Drama
i658	genre	Comedy
i658	genre	Mystery
i658	genre	Thriller
i659	genre	Drama
i660	genre	Western
i661	genre	Drama
i661	genre	Romance
i662	genre	Comedy
i663	genre	Drama
i664	genre	Action
i664	genre	Horror
i664	genre	Sci-Fi
i664	genre	Thriller
i665	genre	Horror
i666	genre	Horror
i667	genre	Action
i667	genre	Horror
i668	genre	Horror
i669	genre	Horror
i669	genre	Sci-Fi
i669	genre	Thriller
i670	genre	Horror
i671	genre	Horror
i672	genre	Film-Noir
i672	genre	Thriller
i673	genre	Horror
i674	genre	Horror
i675	genre	Drama
i676	genre	Documentary
i677	genre	Drama
i677	genre	Thriller
i678	genre	Action
i678	genre	Adventure
i679	genre	Action
i679	genre	Adventure
i680	genre	Horror
i681	genre	Horror
i681	genre	Mystery
i681	genre	Thriller
i682	genre	Comedy
i683	genre	Action
i683	genre	Thriller
i684	genre	Action
i684	genre	Thriller
i685	genre	Action
i685	genre	Drama
i686	genre	Comedy
i686	genre	War
i687	genre	Comedy
i688	genre	Action
i688	genre	Thriller
i689	genre	Drama
i689	genre	War
i690	genre	Film-Noir
i690	genre	Sci-Fi
i690	genre	Thriller
i691	genre	Comedy
i691	genre	Drama
i691	genre	Romance
i692	genre	Drama
i693	genre	Romance
i694	genre	Comedy
i694	genre	Drama
i695	genre	Drama
i695	genre	Thriller
i696	genre	Drama
i697	genre	Drama
i698	genre	Drama
i699	genre	Comedy
i700	genre	Documentary
i701	genre	Comedy
i701	genre	Romance
i702	genre	Drama
i703	genre	Drama
i703	genre	Romance
i704	genre	Musical
i704	genre	Romance
i705	genre	Horror
i706	genre	Drama
i707	genre	Drama
i708	genre	Comedy
i708	genre	Romance
i709	genre	Comedy
i710	genre	Drama
i711	genre	Comedy
i711	genre	Drama
i712	genre	Drama
i713	genre	Drama
i713	genre	Romance
i714	genre	Comedy
i714	genre	Drama
i715	genre	Drama
i715	genre	Romance
i716	genre	Drama
i716	genre	Thriller
i717	genre	Comedy
i718	genre	Comedy
i718	genre	War
i719	genre	Action
i719	genre	Adventure
i719	genre	Drama
i719	genre	Romance
i720	genre	Comedy
i721	genre	Comedy
i722	genre	Comedy
i722	genre	Drama
i723	genre	Drama
i723	genre	Romance
i724	genre	Comedy
i725	genre	Children's
i725	genre	Drama
i726	genre	Drama
i726	genre	Romance
i727	genre	Comedy
i727	genre	Sci-Fi
i728	genre	Drama
i729	genre	Drama
i729	genre	Romance
i730	genre	Comedy
i730	genre	Drama
i730	genre	Romance
i731	genre	Comedy
i731	genre	Romance
i732	genre	Drama
i732	genre	Romance
i733	genre	Comedy
i734	genre	Drama
i735	genre	Drama
i735	genre	Romance
i736	genre	Comedy
i736	genre	Drama
i737	genre	Comedy
i737	genre	Romance
i738	genre	Comedy
i738	genre	Romance
i739	genre	Drama
i739	genre	Romance
i740	genre	Drama
i740	genre	Thriller
i741	genre	Drama
i741	genre	Thriller
i742	genre	Action
i742	genre	Thriller
i743	genre	Drama
i743	genre	War
i744	genre	Comedy
i745	genre	Comedy
i746	genre	Comedy
i746	genre	Romance
i747	genre	Action
i747	genre	Romance
i747	genre	Thriller
i748	genre	Comedy
i748	genre	Romance
i749	genre	Drama
i750	genre	Action
i750	genre	Romance
i750	genre	Thriller
i751	genre	Action
i751	genre	Thriller
i752	genre	Drama
i753	genre	Crime
i753	genre	Thriller
i754	genre	Action
i754	genre	Adventure
i754	genre	Children's
i754	genre	Fantasy
i754	genre	Sci-Fi
i755	genre	Comedy
i756	genre	Documentary
i757	genre	Sci-Fi
i757	genre	Thriller
i758	genre	Action
i759	genre	Sci-Fi
i760	genre	Action
i760	genre	Thriller
i761	genre	Drama
i762	genre	Comedy
i763	genre	Comedy
i763	genre	Romance
i764	genre	Comedy
i764	genre	Romance
i765	genre	Documentary
i766	genre	Horror
i767	genre	Adventure
i767	genre	Children's
i768	genre	Action
i768	genre	Adventure
i768	genre	Mystery
i768	genre	Sci-Fi
i769	genre	Crime
i769	genre	Film-Noir
i769	genre	Mystery
i769	genre	Thriller
i770	genre	Action
i770	genre	Sci-Fi
i770	genre	Thriller
i771	genre	Drama
i772	genre	Thriller
i773	genre	Horror
i774	genre	Comedy
i774	genre	Drama
i774	genre	Romance
i775	genre	Drama
i776	genre	Horror
i777	genre	Comedy
i777	genre	Drama
i777	genre	Romance
i778	genre	Action
i779	genre	Comedy
i780	genre	Comedy
i780	genre	Romance
i781	genre	Drama
i782	genre	Comedy
i782	genre	Romance
i783	genre	Drama
i783	genre	Horror
i784	genre	Comedy
i784	genre	Romance
i785	genre	Comedy
i785	genre	Romance
i786	genre	Comedy
i786	genre	Drama
i787	genre	Horror
i787	genre	Thriller
i788	genre	Comedy
i788	genre	Drama
i789	genre	Comedy
i790	genre	Children's
i791	genre	Comedy
i792	genre	Comedy
i793	genre	Drama
i793	genre	Romance
i794	genre	Children's
i794	genre	Comedy
i795	genre	Comedy
i795	genre	Romance
i796	genre	Action
i796	genre	Sci-Fi
i797	genre	Action
i798	genre	Drama
i799	genre	Horror
i799	genre	Thriller
i800	genre	Comedy
i801	genre	Action
i801	genre	Adventure
i801	genre	Crime
i801	genre	Thriller
i802	genre	Action
i802	genre	Drama
i802	genre	War
i803	genre	Comedy
i804	genre	Comedy
i804	genre	Mystery
i805	genre	Action
i805	genre	Crime
i805	genre	Drama
i806	genre	Drama
i807	genre	Action
i807	genre	Drama
i808	genre	Action
i808	genre	Drama
i808	genre	Mystery
i809	genre	Action
i810	genre	Documentary
i811	genre	Adventure
i811	genre	Children's
i812	genre	Documentary
i813	genre	Documentary
i814	genre	Drama
i814	genre	Romance
i815	genre	Horror
i816	genre	Drama
i817	genre	Comedy
i818	genre	Comedy
i819	genre	Adventure
i819	genre	Animation
i819	genre	Children's
i819	genre	Comedy
i819	genre	Fantasy
i820	genre	Comedy
i820	genre	Romance
i821	genre	Drama
i822	genre	Crime
i822	genre	Film-Noir
i822	genre	Thriller
i823	genre	Comedy
i824	genre	Action
i824	genre	Sci-Fi
i824	genre	Thriller
i825	genre	Adventure
i826	genre	Action
i826	genre	Adventure
i826	genre	Thriller
i827	genre	Adventure
i827	genre	Children's
i828	genre	Action
i828	genre	Adventure
i829	genre	Action
i829	genre	Mystery
i829	genre	Thriller
i830	genre	Action
i830	genre	Adventure
i830	genre	Sci-Fi
i830	genre	Thriller
i831	genre	Children's
i831	genre	Drama
i831	genre	Fantasy
i832	genre	Action
i833	genre	Horror
i833	genre	Thriller
i834	genre	Comedy
i834	genre	Musical
i834	genre	Romance
i835	genre	Comedy
i835	genre	Romance
i836	genre	Drama
i837	genre	Action
i838	genre	Horror
i838	genre	Thriller
i839	genre	Action
i839	genre	Drama
i839	genre	Western
i840	genre	Action
i840	genre	Thriller
i841	genre	Children's
i841	genre	Comedy
i841	genre	Drama
i842	genre	Children's
i842	genre	Comedy
i843	genre	Crime
i844	genre	Comedy
i845	genre	Drama
i845	genre	Romance
i846	genre	Documentary
i846	genre	Drama
i847	genre	Film-Noir
i847	genre	Thriller
i848	genre	Action
i848	genre	Romance
i849	genre	Documentary
i850	genre	Drama
i851	genre	Drama
i851	genre	Thriller
i852	genre	Comedy
i852	genre	Horror
i853	genre	Comedy
i853	genre	Horror
i854	genre	Action
i854	genre	Drama
i854	genre	Mystery
i854	genre	Romance
i854	genre	Thriller
i855	genre	Comedy
i855	genre	Drama
i856	genre	Documentary
i857	genre	Horror
i858	genre	Comedy
i858	genre	Horror
i859	genre	Horror
i859	genre	Thriller
i860	genre	Horror
i861	genre	Adventure
i861	genre	Children's
i861	genre	Comedy
i862	genre	Drama
i863	genre	Comedy
i864	genre	Drama
i865	genre	Comedy
i865	genre	Romance
i866	genre	Drama
i867	genre	Drama
i868	genre	Comedy
i868	genre	Romance
i869	genre	Romance
i870	genre	Comedy
i871	genre	Romance
i872	genre	Comedy
i872	genre	Romance
i873	genre	Drama
i874	genre	Drama
i874	genre	Romance
i875	genre	Action
i875	genre	Comedy
i876	genre	Adventure
i876	genre	Romance
i877	genre	Children's
i877	genre	Comedy
i877	genre	Mystery
i878	genre	Action
i878	genre	Thriller
i878	genre	War
i879	genre	Drama
i880	genre	Action
i880	genre	Comedy
i881	genre	Drama
i882	genre	Drama
i883	genre	Documentary
i884	genre	Horror
i885	genre	Romance
i885	genre	Thriller
i886	genre	Drama
i887	genre	Drama
i888	genre	Romance
i889	genre	Action
i889	genre	Adventure
i890	genre	Drama
i890	genre	War
i891	genre	Children's
i891	genre	Comedy
i891	genre	Fantasy
i892	genre	Comedy
i893	genre	Children's
i893	genre	Comedy
i894	genre	Horror
i894	genre	Thriller
i895	genre	Drama
i896	genre	Action
i896	genre	Adventure
i896	genre	Sci-Fi
i897	genre	Drama
i898	genre	Drama
i899	genre	Drama
i900	genre	Comedy
i901	genre	Comedy
i901	genre	Crime
i901	genre	Mystery
i901	genre	Thriller
i902	genre	Drama
i902	genre	Romance
i903	genre	Comedy
i903	genre	Drama
i904	genre	Drama
i904	genre	Romance
i905	genre	Drama
i905	genre	Romance
i906	genre	Comedy
i907	genre	Comedy
i908	genre	Drama
i909	genre	Drama
i910	genre	Crime
i910	genre	Drama
i911	genre	Action
i911	genre	Thriller
i912	genre	Comedy
i913	genre	Crime
i913	genre	Drama
i913	genre	Mystery
i913	genre	Thriller
i914	genre	Drama
i915	genre	Action
i915	genre	Sci-Fi
i915	genre	Thriller
i916	genre	Action
i916	genre	Drama
i916	genre	Thriller
i917	genre	Romance
i918	genre	Adventure
i918	genre	Sci-Fi
i919	genre	Drama
i920	genre	Drama
i920	genre	Romance
i921	genre	Western
i922	genre	Drama
i923	genre	Adventure
i923	genre	Drama
i924	genre	Sci-Fi
i924	genre	Thriller
i925	genre	Comedy
i926	genre	Drama
i927	genre	Drama
i927	genre	Horror
i928	genre	Children's
i928	genre	Comedy
i929	genre	Action
i929	genre	Adventure
i929	genre	Thriller
i930	genre	Sci-Fi
i930	genre	Thriller
i931	genre	Children's
i931	genre	Comedy
i932	genre	Drama
i933	genre	Drama
i934	genre	Drama
i934	genre	War
i935	genre	Comedy
i935	genre	Drama
i935	genre	Romance
i936	genre	Drama
i937	genre	Comedy
i937	genre	Romance
i938	genre	Drama
i938	genre	Thriller
i939	genre	Comedy
i940	genre	Comedy
i940	genre	Drama
i941	genre	Drama
i942	genre	Thriller
i943	genre	Comedy
i943	genre	Drama
i943	genre	War
i944	genre	Comedy
i944	genre	Mystery
i944	genre	Romance
i944	genre	Thriller
i945	genre	Animation
i945	genre	Children's
i946	genre	Adventure
i946	genre	Romance
i947	genre	Comedy
i947	genre	Romance
i948	genre	Drama
i948	genre	Romance
i949	genre	Drama
i950	genre	Adventure
i950	genre	Children's
i950	genre	Fantasy
i951	genre	Comedy
i952	genre	Comedy
i952	genre	Drama
i953	genre	Documentary
i954	genre	Drama
i954	genre	Romance
i955	genre	Drama
i956	genre	Comedy
i957	genre	Drama
i958	genre	Comedy
i959	genre	Drama
i960	genre	Drama
i961	genre	Drama
i962	genre	Drama
i962	genre	Thriller
i963	genre	Comedy
i963	genre	Drama
i964	genre	Comedy
i964	genre	Musical
i965	genre	Romance
i966	genre	Drama
i967	genre	Musical
i968	genre	Animation
i968	genre	Children's
i969	genre	Comedy
i970	genre	Comedy
i970	genre	War
i971	genre	Drama
i972	genre	Documentary
i973	genre	Drama
i973	genre	Thriller
i974	genre	Thriller
i975	genre	Action
i975	genre	Sci-Fi
i975	genre	Thriller
i976	genre	Action
i977	genre	Mystery
i977	genre	Thriller
i978	genre	Drama
i978	genre	Thriller
i979	genre	Drama
i980	genre	Drama
i981	genre	Action
i981	genre	Adventure
i981	genre	Thriller
i982	genre	Thriller
i983	genre	Thriller
i984	genre	Drama
i985	genre	Thriller
i986	genre	Thriller
i987	genre	Comedy
i987	genre	Romance
i988	genre	Animation
i988	genre	Children's
i988	genre	Musical
i989	genre	Drama
i989	genre	Romance
i990	genre	Crime
i991	genre	Comedy
i991	genre	Thriller
i992	genre	Adventure
i992	genre	Animation
i992	genre	Children's
i992	genre	Comedy
i992	genre	Musical
i993	genre	Drama
i994	genre	Comedy
i995	genre	Children's
i995	genre	Comedy
i996	genre	Comedy
i997	genre	Comedy
i998	genre	Comedy
i999	genre	Comedy
i999	genre	Western
i1000	genre	Comedy
i1001	genre	Comedy
i1002	genre	Children's
i1002	genre	Comedy
i1002	genre	Mystery
i1003	genre	Drama
i1003	genre	Western
i1004	genre	Drama
i1005	genre	Drama
i1005	genre	Sci-Fi
i1006	genre	Comedy
i1007	genre	Drama
i1008	genre	Drama
i1009	genre	Drama
i1010	genre	Crime
i1011	genre	Comedy
i1011	genre	Drama
i1012	genre	Action
i1012	genre	Adventure
i1012	genre	Thriller
i1013	genre	Comedy
i1014	genre	Children's
i1014	genre	Drama
i1015	genre	Action
i1015	genre	Adventure
i1015	genre	Thriller
i1016	genre	Drama
i1017	genre	Drama
i1018	genre	Action
i1018	genre	Thriller
i1019	genre	Mystery
i1019	genre	Thriller
i1020	genre	Drama
i1021	genre	Documentary
i1022	genre	Comedy
i1023	genre	Romance
i1024	genre	Action
i1024	genre	Drama
i1024	genre	Thriller
i1025	genre	Comedy
i1025	genre	Drama
i1026	genre	Action
i1027	genre	Comedy
i1027	genre	Romance
i1028	genre	Comedy
i1029	genre	Comedy
i1030	genre	Adventure
i1030	genre	Children's
i1031	genre	Children's
i1031	genre	Comedy
i1032	genre	Adventure
i1032	genre	Children's
i1033	genre	Action
i1033	genre	Adventure
i1034	genre	Comedy
i1035	genre	Comedy
i1035	genre	Fantasy
i1036	genre	Comedy
i1036	genre	Musical
i1036	genre	Romance
i1037	genre	Thriller
i1038	genre	Drama
i1039	genre	Comedy
i1039	genre	Romance
i1040	genre	Comedy
i1040	genre	Romance
i1041	genre	Mystery
i1041	genre	Thriller
i1042	genre	Comedy
i1043	genre	Comedy
i1043	genre	Drama
i1044	genre	Drama
i1045	genre	Thriller
i1046	genre	Comedy
i1047	genre	Comedy
i1047	genre	Romance
i1048	genre	Comedy
i1049	genre	Drama
i1049	genre	Romance
i1050	genre	Comedy
i1051	genre	Comedy
i1051	genre	Horror
i1052	genre	Drama
i1053	genre	Comedy
i1054	genre	Drama
i1055	genre	Horror
i1056	genre	Comedy
i1057	genre	Adventure
i1057	genre	Drama
i1058	genre	Comedy
i1059	genre	Adventure
i1059	genre	Children's
i1060	genre	Comedy
i1060	genre	Drama
i1061	genre	Drama
i1062	genre	Children's
i1062	genre	Drama
i1063	genre	Crime
i1063	genre	Film-Noir
i1064	genre	Documentary
i1064	genre	War
i1065	genre	Animation
i1065	genre	Children's
i1066	genre	Comedy
i1067	genre	Drama
i1068	genre	Crime
i1068	genre	Drama
i1068	genre	Thriller
i1069	genre	Comedy
i1070	genre	Comedy
i1071	genre	Comedy
i1071	genre	Romance
i1072	genre	Thriller
i1073	genre	Comedy
i1073	genre	Drama
i1074	genre	Drama
i1075	genre	Action
i1075	genre	Adventure
i1075	genre	Animation
i1075	genre	Children's
i1075	genre	Fantasy
i1076	genre	Thriller
i1077	genre	Animation
i1077	genre	Children's
i1078	genre	Comedy
i1078	genre	Musical
i1079	genre	Comedy
i1080	genre	Crime
i1081	genre	Drama
i1082	genre	Crime
i1082	genre	Thriller
i1083	genre	Documentary
i1084	genre	Drama
i1084	genre	Romance
i1085	genre	Drama
i1086	genre	Action
i1087	genre	Action
i1088	genre	Action
i1088	genre	Romance
i1088	genre	Thriller
i1089	genre	Thriller
i1090	genre	Adventure
i1090	genre	Animation
i1090	genre	Children's
i1090	genre	Musical
i1091	genre	Comedy
i1092	genre	Comedy
i1093	genre	Comedy
i1094	genre	Comedy
i1095	genre	Romance
i1096	genre	Drama
i1097	genre	Comedy
i1098	genre	Drama
i1099	genre	Comedy
i1099	genre	Drama
i1099	genre	Romance
i1100	genre	Drama
i1100	genre	Mystery
i1101	genre	Comedy
i1101	genre	Romance
i1102	genre	Comedy
i1102	genre	Drama
i1103	genre	Comedy
i1103	genre	Crime
i1103	genre	Drama
i1104	genre	Action
i1104	genre	Adventure
i1104	genre	Thriller
i1105	genre	Crime
i1105	genre	Drama
i1106	genre	Drama
i1107	genre	Drama
i1108	genre	Drama
i1108	genre	Thriller
i1109	genre	Action
i1109	genre	Comedy
i1109	genre	Musical
i1109	genre	Sci-Fi
i1110	genre	Drama
i1111	genre	Drama
i1112	genre	Drama
i1113	genre	Comedy
i1114	genre	Comedy
i1114	genre	Drama
i1114	genre	Romance
i1115	genre	Adventure
i1116	genre	Drama
i1117	genre	Comedy
i1118	genre	Drama
i1118	genre	Romance
i1119	genre	Comedy
i1120	genre	Drama
i1120	genre	Musical
i1121	genre	Crime
i1121	genre	Drama
i1122	genre	Drama
i1123	genre	Romance
i1123	genre	War
i1124	genre	Thriller
i1125	genre	Adventure
i1125	genre	Drama
i1126	genre	Drama
i1127	genre	Documentary
i1128	genre	Drama
i1128	genre	Mystery
i1128	genre	Romance
i1129	genre	Documentary
i1130	genre	Thriller
i1131	genre	Drama
i1131	genre	Romance
i1132	genre	Adventure
i1132	genre	Children's
i1132	genre	Fantasy
i1133	genre	Drama
i1134	genre	Drama
i1134	genre	Musical
i1135	genre	Drama
i1136	genre	Drama
i1136	genre	Romance
i1137	genre	Action
i1137	genre	Comedy
i1137	genre	Crime
i1137	genre	Drama
i1138	genre	Action
i1138	genre	Crime
i1138	genre	Thriller
i1139	genre	Comedy
i1140	genre	Documentary
i1141	genre	Documentary
i1142	genre	Crime
i1142	genre	Thriller
i1143	genre	Drama
i1144	genre	Drama
i1145	genre	Drama
i1146	genre	Drama
i1147	genre	Drama
i1148	genre	Drama
i1149	genre	Drama
i1150	genre	Crime
i1151	genre	Romance
i1151	genre	War
i1152	genre	Drama
i1152	genre	Musical
i1153	genre	Sci-Fi
i1154	genre	Comedy
i1154	genre	Romance
i1155	genre	Crime
i1155	genre	Drama
i1156	genre	Horror
i1157	genre	Drama
i1158	genre	Mystery
i1158	genre	Sci-Fi
i1159	genre	Drama
i1159	genre	Romance
i1160	genre	Action
i1160	genre	Drama
i1161	genre	Comedy
i1162	genre	Drama
i1163	genre	Children's
i1164	genre	Comedy
i1164	genre	Drama
i1165	genre	Comedy
i1166	genre	Comedy
i1167	genre	Drama
i1168	genre	Drama
i1169	genre	Comedy
i1169	genre	Drama
i1170	genre	Drama
i1171	genre	Comedy
i1172	genre	Drama
i1172	genre	Romance
i1173	genre	Drama
i1173	genre	Thriller
i1174	genre	Romance
i1175	genre	Drama
i1175	genre	War
i1176	genre	Comedy
i1177	genre	Comedy
i1178	genre	Comedy
i1179	genre	Action
i1179	genre	Comedy
i1180	genre	Action
i1180	genre	Comedy
i1181	genre	Comedy
i1182	genre	Action
i1182	genre	Comedy
i1183	genre	Documentary
i1184	genre	Comedy
i1184	genre	War
i1185	genre	Comedy
i1185	genre	Drama
i1186	genre	Crime
i1187	genre	Action
i1187	genre	Comedy
i1187	genre	Western
i1188	genre	Drama
i1189	genre	Comedy
i1189	genre	Romance
i1190	genre	Crime
i1190	genre	Drama
i1191	genre	Drama
i1192	genre	Drama
i1193	genre	Crime
i1193	genre	Drama
i1194	genre	Drama
i1195	genre	Drama
i1196	genre	Comedy
i1196	genre	Drama
i1197	genre	Crime
i1197	genre	Thriller
i1198	genre	Comedy
i1198	genre	Horror
i1199	genre	Children's
i1199	genre	Drama
i1200	genre	Documentary
i1201	genre	Comedy
i1202	genre	Comedy
i1202	genre	Musical
i1202	genre	Romance
i1203	genre	Comedy
i1203	genre	Drama
i1203	genre	War
i1204	genre	Drama
i1205	genre	Comedy
i1206	genre	Thriller
i1207	genre	Crime
i1207	genre	Drama
i1207	genre	Thriller
i1208	genre	Comedy
i1209	genre	Sci-Fi
i1209	genre	Thriller
i1210	genre	Drama
i1210	genre	Romance
i1211	genre	Drama
i1211	genre	Mystery
i1211	genre	Romance
i1212	genre	Crime
i1212	genre	Drama
i1212	genre	Thriller
i1213	genre	Drama
i1214	genre	Action
i1214	genre	Sci-Fi
i1215	genre	Romance
i1216	genre	Thriller
i1217	genre	Comedy
i1218	genre	Animation
i1218	genre	Children's
i1218	genre	Comedy
i1218	genre	Romance
i1219	genre	Drama
i1220	genre	Drama
i1221	genre	Action
i1222	genre	Drama
i1223	genre	Drama
i1224	genre	Comedy
i1225	genre	Crime
i1225	genre	Drama
i1226	genre	Drama
i1227	genre	Action
i1228	genre	Drama
i1228	genre	Thriller
i1229	genre	Comedy
i1230	genre	Action
i1230	genre	Drama
i1231	genre	Documentary
i1232	genre	Drama
i1233	genre	Comedy
i1234	genre	Crime
i1235	genre	Drama
i1236	genre	Comedy
i1236	genre	Drama
i1237	genre	Drama
i1238	genre	Action
i1238	genre	Adventure
i1238	genre	Romance
i1239	genre	Animation
i1239	genre	Sci-Fi
i1240	genre	Comedy
i1240	genre	Drama
i1241	genre	Comedy
i1242	genre	Horror
i1243	genre	Action
i1244	genre	Crime
i1245	genre	Comedy
i1246	genre	Western
i1247	genre	Thriller
i1248	genre	Comedy
i1249	genre	Action
i1250	genre	Comedy
i1251	genre	Drama
i1252	genre	Thriller
i1253	genre	Comedy
i1254	genre	Drama
i1255	genre	Drama
i1256	genre	Drama
i1257	genre	Comedy
i1257	genre	Romance
i1258	genre	Comedy
i1258	genre	Romance
i1259	genre	Drama
i1260	genre	Drama
i1261	genre	Romance
i1262	genre	Drama
i1263	genre	Drama
i1264	genre	Drama
i1265	genre	Drama
i1266	genre	Drama
i1267	genre	Drama
i1268	genre	Comedy
i1268	genre	Romance
i1269	genre	Comedy
i1270	genre	Comedy
i1271	genre	Comedy
i1271	genre	Drama
i1272	genre	Drama
i1272	genre	Thriller
i1273	genre	Sci-Fi
i1273	genre	Thriller
i1274	genre	Thriller
i1275	genre	Drama
i1276	genre	Action
i1276	genre	Crime
i1277	genre	Drama
i1277	genre	Musical
i1278	genre	Adventure
i1278	genre	Children's
i1279	genre	Crime
i1280	genre	Drama
i1281	genre	Drama
i1282	genre	Comedy
i1283	genre	Drama
i1283	genre	Mystery
i1284	genre	Drama
i1285	genre	Comedy
i1285	genre	Musical
i1285	genre	Romance
i1286	genre	Comedy
i1287	genre	Comedy
i1288	genre	Romance
i1289	genre	Drama
i1289	genre	Romance
i1290	genre	Comedy
i1291	genre	Children's
i1291	genre	Fantasy
i1292	genre	Adventure
i1292	genre	Children's
i1292	genre	Fantasy
i1292	genre	Sci-Fi
i1293	genre	Documentary
i1294	genre	Comedy
i1294	genre	Drama
i1295	genre	Comedy
i1295	genre	Drama
i1296	genre	Drama
i1296	genre	Romance
i1297	genre	Comedy
i1297	genre	Musical
i1298	genre	Drama
i1298	genre	Romance
i1299	genre	Drama
i1299	genre	Romance
i1300	genre	Comedy
i1301	genre	Comedy
i1302	genre	Action
i1303	genre	Action
i1303	genre	Crime
i1304	genre	Comedy
i1305	genre	Drama
i1306	genre	Documentary
i1307	genre	Comedy
i1307	genre	Drama
i1308	genre	Drama
i1309	genre	Drama
i1310	genre	Comedy
i1310	genre	Drama
i1311	genre	Comedy
i1311	genre	Drama
i1312	genre	Film-Noir
i1312	genre	Mystery
i1312	genre	Thriller
i1313	genre	Action
i1313	genre	Adventure
i1313	genre	Thriller
i1314	genre	Drama
i1314	genre	Romance
i1315	genre	Drama
i1316	genre	Drama
i1317	genre	Documentary
i1318	genre	Drama
i1319	genre	Drama
i1320	genre	Comedy
i1321	genre	Comedy
i1322	genre	Drama
i1323	genre	Drama
i1323	genre	Thriller
i1324	genre	Drama
i1325	genre	Drama
i1326	genre	Drama
i1327	genre	Drama
i1328	genre	Drama
i1329	genre	Drama
i1330	genre	Documentary
i1331	genre	Drama
i1332	genre	Comedy
i1332	genre	Drama
i1333	genre	Drama
i1334	genre	Drama
i1335	genre	Children's
i1335	genre	Comedy
i1335	genre	Fantasy
i1336	genre	Comedy
i1337	genre	Drama
i1338	genre	Comedy
i1338	genre	Drama
i1339	genre	Romance
i1340	genre	Drama
i1341	genre	Drama
i1342	genre	Drama
i1343	genre	Drama
i1344	genre	Drama
i1345	genre	Drama
i1346	genre	Drama
i1347	genre	Drama
i1348	genre	Comedy
i1349	genre	Drama
i1350	genre	Comedy
i1351	genre	Drama
i1352	genre	Romance
i1353	genre	Drama
i1354	genre	Drama
i1355	genre	Comedy
i1356	genre	Romance
i1356	genre	War
i1357	genre	Action
i1358	genre	Drama
i1359	genre	Comedy
i1360	genre	Comedy
i1361	genre	Action
i1362	genre	Documentary
i1363	genre	Action
i1364	genre	Action
i1364	genre	Drama
i1365	genre	Documentary
i1365	genre	Drama
i1366	genre	Animation
i1367	genre	Drama
i1368	genre	Drama
i1369	genre	Drama
i1369	genre	Thriller
i1370	genre	Comedy
i1370	genre	Horror
i1371	genre	Action
i1373	genre	Comedy
i1374	genre	Drama
i1375	genre	Comedy
i1376	genre	Comedy
i1376	genre	Romance
i1377	genre	Documentary
i1378	genre	Romance
i1379	genre	Drama
i1380	genre	Drama
i1381	genre	Drama
i1382	genre	Adventure
i1382	genre	Children's
i1383	genre	Drama
i1384	genre	Comedy
i1384	genre	Romance
i1385	genre	Sci-Fi
i1386	genre	Romance
i1387	genre	Drama
i1388	genre	Drama
i1389	genre	Crime
i1390	genre	Drama
i1391	genre	Drama
i1392	genre	Action
i1392	genre	Thriller
i1393	genre	Romance
i1394	genre	Drama
i1395	genre	Drama
i1396	genre	Drama
i1397	genre	Drama
i1398	genre	Thriller
i1399	genre	Drama
i1399	genre	Romance
i1400	genre	Drama
i1401	genre	Drama
i1402	genre	Comedy
i1402	genre	Drama
i1403	genre	Comedy
i1404	genre	Drama
i1405	genre	Drama
i1405	genre	Romance
i1406	genre	Action
i1407	genre	Comedy
i1408	genre	Animation
i1408	genre	Children's
i1409	genre	Drama
i1410	genre	Adventure
i1410	genre	Sci-Fi
i1411	genre	Animation
i1411	genre	Children's
i1412	genre	Action
i1413	genre	Action
i1414	genre	Action
i1414	genre	Children's
i1415	genre	Action
i1415	genre	Sci-Fi
i1416	genre	Drama
i1417	genre	Drama
i1418	genre	Action
i1418	genre	Sci-Fi
i1419	genre	Comedy
i1420	genre	Drama
i1421	genre	Film-Noir
i1421	genre	Thriller
i1422	genre	Drama
i1422	genre	War
i1423	genre	Comedy
i1423	genre	Drama
i1423	genre	Romance
i1424	genre	Comedy
i1424	genre	Drama
i1425	genre	Comedy
i1425	genre	Drama
i1426	genre	Drama
i1427	genre	Comedy
i1428	genre	Drama
i1428	genre	Romance
i1429	genre	Drama
i1430	genre	Thriller
i1431	genre	Drama
i1432	genre	Action
i1432	genre	Drama
i1433	genre	Romance
i1434	genre	Comedy
i1435	genre	Drama
i1435	genre	Romance
i1436	genre	Comedy
i1437	genre	Drama
i1438	genre	Crime
i1438	genre	Drama
i1439	genre	Drama
i1440	genre	Drama
i1440	genre	Romance
i1441	genre	Drama
i1442	genre	Drama
i1443	genre	Children's
i1443	genre	Comedy
i1443	genre	Mystery
i1444	genre	Drama
i1445	genre	Comedy
i1446	genre	Drama
i1447	genre	Drama
i1448	genre	Drama
i1449	genre	Adventure
i1449	genre	Romance
i1450	genre	Thriller
i1451	genre	Comedy
i1451	genre	Mystery
i1452	genre	Crime
i1452	genre	Drama
i1453	genre	Western
i1454	genre	Western
i1455	genre	Comedy
i1455	genre	Drama
i1456	genre	Comedy
i1456	genre	Drama
i1457	genre	Comedy
i1457	genre	Musical
i1457	genre	Romance
i1458	genre	Musical
i1459	genre	Comedy
i1459	genre	Drama
i1460	genre	Comedy
i1461	genre	Crime
i1461	genre	Drama
i1461	genre	Romance
i1462	genre	Comedy
i1463	genre	Drama
i1464	genre	Comedy
i1464	genre	Drama
i1465	genre	Drama
i1466	genre	Drama
i1467	genre	Drama
i1468	genre	Adventure
i1468	genre	Children's
i1469	genre	Animation
i1469	genre	Children's
i1470	genre	Thriller
i1471	genre	Comedy
i1471	genre	Sci-Fi
i1472	genre	Children's
i1472	genre	Drama
i1473	genre	Comedy
i1473	genre	Romance
i1474	genre	Comedy
i1474	genre	Drama
i1475	genre	Film-Noir
i1476	genre	Horror
i1476	genre	Thriller
i1477	genre	Action
i1477	genre	Crime
i1477	genre	Drama
i1478	genre	Comedy
i1479	genre	Adventure
i1479	genre	Children's
i1479	genre	Comedy
i1480	genre	Drama
i1481	genre	Documentary
i1482	genre	Action
i1482	genre	Drama
i1482	genre	Romance
i1483	genre	Action
i1483	genre	Comedy
i1484	genre	Drama
i1484	genre	Romance
i1484	genre	War
i1485	genre	Drama
i1486	genre	Comedy
i1486	genre	Romance
i1487	genre	Drama
i1488	genre	Comedy
i1489	genre	Comedy
i1490	genre	Action
i1490	genre	Drama
i1490	genre	Thriller
i1491	genre	Comedy
i1492	genre	Romance
i1493	genre	Comedy
i1494	genre	Drama
i1495	genre	Comedy
i1495	genre	Crime
i1496	genre	Documentary
i1497	genre	Comedy
i1498	genre	Comedy
i1499	genre	Comedy
i1500	genre	War
i1501	genre	Comedy
i1501	genre	Romance
i1502	genre	Adventure
i1502	genre	Children's
i1503	genre	Comedy
i1504	genre	Crime
i1504	genre	Drama
i1505	genre	Drama
i1506	genre	Comedy
i1507	genre	Drama
i1507	genre	Thriller
i1508	genre	Comedy
i1509	genre	Crime
i1510	genre	Comedy
i1511	genre	Drama
i1512	genre	Comedy
i1513	genre	Drama
i1514	genre	Adventure
i1514	genre	Romance
i1515	genre	Drama
i1516	genre	Drama
i1517	genre	Drama
i1518	genre	Crime
i1518	genre	Drama
i1519	genre	Horror
i1520	genre	Comedy
i1520	genre	Romance
i1521	genre	Thriller
i1522	genre	Action
i1522	genre	Adventure
i1523	genre	Drama
i1524	genre	Comedy
i1524	genre	Romance
i1525	genre	Drama
i1525	genre	Romance
i1525	genre	Thriller
i1526	genre	Comedy
i1527	genre	Drama
i1528	genre	War
i1529	genre	Drama
i1530	genre	Adventure
i1530	genre	Children's
i1531	genre	Drama
i1532	genre	Drama
i1533	genre	Comedy
i1533	genre	Crime
i1534	genre	Drama
i1535	genre	Drama
i1536	genre	Comedy
i1537	genre	Drama
i1538	genre	Drama
i1539	genre	Adventure
i1539	genre	Children's
i1540	genre	Drama
i1541	genre	Drama
i1542	genre	Drama
i1543	genre	Comedy
i1544	genre	Drama
i1544	genre	Romance
i1545	genre	Drama
i1546	genre	Documentary
i1547	genre	Action
i1547	genre	Thriller
i1548	genre	Thriller
i1549	genre	Comedy
i1550	genre	Drama
i1551	genre	Action
i1552	genre	Mystery
i1552	genre	Thriller
i1553	genre	Drama
i1554	genre	Adventure
i1554	genre	Children's
i1555	genre	Action
i1555	genre	Drama
i1555	genre	Thriller
i1556	genre	Comedy
i1556	genre	Drama
i1557	genre	Drama
i1558	genre	Action
i1558	genre	Drama
i1558	genre	Thriller
i1559	genre	Crime
i1560	genre	Documentary
i1560	genre	Drama
i1561	genre	Documentary
i1562	genre	Romance
i1563	genre	Drama
i1564	genre	Drama
i1565	genre	Drama
i1566	genre	Comedy
i1567	genre	Comedy
i1567	genre	Romance
i1568	genre	Comedy
i1568	genre	Drama
i1569	genre	Comedy
i1570	genre	Drama
i1571	genre	Drama
i1572	genre	Horror
i1573	genre	War
i1574	genre	Drama
i1575	genre	Fantasy
i1576	genre	Drama
i1577	genre	Drama
i1578	genre	Thriller
i1579	genre	Romance
i1580	genre	Mystery
i1581	genre	Film-Noir
i1582	genre	Drama
i1583	genre	Drama
i1584	genre	Documentary
i1585	genre	Action
i1585	genre	Crime
i1585	genre	Drama
i1586	genre	Western
i1587	genre	Comedy
i1587	genre	Drama
i1588	genre	Comedy
i1589	genre	Drama
i1590	genre	Drama
i1591	genre	Drama
i1592	genre	Comedy
i1593	genre	Documentary
i1594	genre	Action
i1594	genre	Thriller
i1595	genre	Action
i1595	genre	Sci-Fi
i1595	genre	Thriller
i1596	genre	Action
i1596	genre	Drama
i1597	genre	Crime
i1597	genre	Thriller
i1598	genre	Drama
i1599	genre	Comedy
i1600	genre	Thriller
i1601	genre	Drama
i1602	genre	Drama
i1603	genre	Crime
i1603	genre	Film-Noir
i1603	genre	Thriller
i1604	genre	Comedy
i1605	genre	Crime
i1606	genre	Drama
i1607	genre	Adventure
i1607	genre	Children's
i1607	genre	Drama
i1608	genre	Comedy
i1609	genre	Action
i1609	genre	Crime
i1609	genre	Romance
i1610	genre	Comedy
i1611	genre	Romance
i1612	genre	Action
i1612	genre	Drama
i1613	genre	Comedy
i1613	genre	Drama
i1614	genre	Action
i1614	genre	Adventure
i1614	genre	Children's
i1614	genre	Fantasy
i1615	genre	Drama
i1616	genre	Romance
i1617	genre	Action
i1617	genre	Crime
i1618	genre	Drama
i1619	genre	Comedy
i1620	genre	Thriller
i1621	genre	Comedy
i1622	genre	Drama
i1623	genre	Thriller
i1624	genre	Horror
i1624	genre	Thriller
i1625	genre	Comedy
i1625	genre	Drama
i1626	genre	Comedy
i1626	genre	Drama
i1627	genre	Drama
i1628	genre	Documentary
i1629	genre	Drama
i1630	genre	Comedy
i1630	genre	Drama
i1631	genre	War
i1632	genre	Comedy
i1632	genre	Drama
i1633	genre	Drama
i1634	genre	Drama
i1635	genre	Drama
i1636	genre	Drama
i1637	genre	Crime
i1637	genre	Drama
i1638	genre	Drama
i1639	genre	Drama
i1640	genre	Documentary
i1641	genre	Drama
i1642	genre	Drama
i1643	genre	Comedy
i1644	genre	Drama
i1645	genre	Action
i1645	genre	Drama
i1646	genre	Comedy
i1646	genre	Crime
i1646	genre	Drama
i1647	genre	Drama
i1648	genre	Comedy
i1648	genre	Documentary
i1649	genre	Drama
i1650	genre	Drama
i1650	genre	Thriller
i1651	genre	Romance
i1652	genre	Drama
i1653	genre	Comedy
i1654	genre	Comedy
i1654	genre	Romance
i1655	genre	Comedy
i1655	genre	Romance
i1656	genre	Action
i1656	genre	Drama
i1657	genre	Drama
i1658	genre	Comedy
i1659	genre	Drama
i1660	genre	Drama
i1661	genre	Drama
i1661	genre	Romance
i1662	genre	Drama
i1662	genre	War
i1663	genre	Comedy
i1664	genre	Drama
i1665	genre	Drama
i1666	genre	Drama
i1667	genre	Comedy
i1668	genre	Crime
i1668	genre	Drama
i1668	genre	Mystery
i1669	genre	Comedy
i1669	genre	Thriller
i1670	genre	Drama
i1671	genre	Drama
i1672	genre	Action
i1672	genre	Thriller
i1673	genre	Drama
i1674	genre	Drama
i1675	genre	Drama
i1676	genre	Drama
i1677	genre	Drama
i1678	genre	Romance
i1678	genre	Thriller
i1679	genre	Drama
i1679	genre	Romance
i1680	genre	Comedy
i1681	genre	Drama
u1	occupation	technician
u2	occupation	other
u3	occupation	writer
u4	occupation	technician
u5	occupation	other
u6	occupation	executive
u7	occupation	administrator
u8	occupation	administrator
u9	occupation	student
u10	occupation	lawyer
u11	occupation	other
u12	occupation	other
u13	occupation	educator
u14	occupation	scientist
u15	occupation	educator
u16	occupation	entertainment
u17	occupation	programmer
u18	occupation	other
u19	occupation	librarian
u20	occupation	homemaker
u21	occupation	writer
u22	occupation	writer
u23	occupation	artist
u24	occupation	artist
u25	occupation	engineer
u26	occupation	engineer
u27	occupation	librarian
u28	occupation	writer
u29	occupation	programmer
u30	occupation	student
u31	occupation	artist
u32	occupation	student
u33	occupation	student
u34	occupation	administrator
u35	occupation	homemaker
u36	occupation	student
u37	occupation	student
u38	occupation	other
u39	occupation	entertainment
u40	occupation	scientist
u41	occupation	engineer
u42	occupation	administrator
u43	occupation	librarian
u44	occupation	technician
u45	occupation	programmer
u46	occupation	marketing
u47	occupation	marketing
u48	occupation	administrator
u49	occupation	student
u50	occupation	writer
u51	occupation	educator
u52	occupation	student
u53	occupation	programmer
u54	occupation	executive
u55	occupation	programmer
u56	occupation	librarian
u57	occupation	none
u58	occupation	programmer
u59	occupation	educator
u60	occupation	healthcare
u61	occupation	engineer
u62	occupation	administrator
u63	occupation	marketing
u64	occupation	educator
u65	occupation	educator
u66	occupation	student
u67	occupation	student
u68	occupation	student
u69	occupation	engineer
u70	occupation	engineer
u71	occupation	scientist
u72	occupation	administrator
u73	occupation	student
u74	occupation	scientist
u75	occupation	entertainment
u76	occupation	student
u77	occupation	technician
u78	occupation	administrator
u79	occupation	administrator
u80	occupation	administrator
u81	occupation	student
u82	occupation	programmer
u83	occupation	other
u84	occupation	executive
u85	occupation	educator
u86	occupation	administrator
u87	occupation	administrator
u88	occupation	librarian
u89	occupation	administrator
u90	occupation	educator
u91	occupation	marketing
u92	occupation	entertainment
u93	occupation	executive
u94	occupation	student
u95	occupation	administrator
u96	occupation	artist
u97	occupation	artist
u98	occupation	executive
u99	occupation	student
u100	occupation	executive
u101	occupation	student
u102	occupation	programmer
u103	occupation	student
u104	occupation	student
u105	occupation	engineer
u106	occupation	retired
u107	occupation	scientist
u108	occupation	educator
u109	occupation	other
u110	occupation	student
u111	occupation	engineer
u112	occupation	salesman
u113	occupation	executive
u114	occupation	programmer
u115	occupation	engineer
u116	occupation	healthcare
u117	occupation	student
u118	occupation	administrator
u119	occupation	programmer
u120	occupation	other
u121	occupation	librarian
u122	occupation	writer
u123	occupation	artist
u124	occupation	student
u125	occupation	lawyer
u126	occupation	lawyer
u127	occupation	none
u128	occupation	marketing
u129	occupation	marketing
u130	occupation	none
u131	occupation	administrator
u132	occupation	other
u133	occupation	engineer
u134	occupation	programmer
u135	occupation	student
u136	occupation	other
u137	occupation	educator
u138	occupation	doctor
u139	occupation	student
u140	occupation	student
u141	occupation	programmer
u142	occupation	other
u143	occupation	technician
u144	occupation	programmer
u145	occupation	entertainment
u146	occupation	artist
u147	occupation	librarian
u148	occupation	engineer
u149	occupation	marketing
u150	occupation	artist
u151	occupation	administrator
u152	occupation	educator
u153	occupation	student
u154	occupation	student
u155	occupation	other
u156	occupation	educator
u157	occupation	engineer
u158	occupation	educator
u159	occupation	student
u160	occupation	programmer
u161	occupation	lawyer
u162	occupation	artist
u163	occupation	administrator
u164	occupation	healthcare
u165	occupation	other
u166	occupation	educator
u167	occupation	other
u168	occupation	other
u169	occupation	other
u170	occupation	healthcare
u171	occupation	educator
u172	occupation	marketing
u173	occupation	other
u174	occupation	administrator
u175	occupation	scientist
u176	occupation	scientist
u177	occupation	programmer
u178	occupation	other
u179	occupation	entertainment
u180	occupation	administrator
u181	occupation	executive
u182	occupation	programmer
u183	occupation	scientist
u184	occupation	librarian
u185	occupation	librarian
u186	occupation	executive
u187	occupation	educator
u188	occupation	student
u189	occupation	artist
u190	occupation	administrator
u191	occupation	administrator
u192	occupation	educator
u193	occupation	student
u194	occupation	administrator
u195	occupation	scientist
u196	occupation	writer
u197	occupation	technician
u198	occupation	student
u199	occupation	writer
u200	occupation	programmer
u201	occupation	writer
u202	occupation	educator
u203	occupation	student
u204	occupation	librarian
u205	occupation	lawyer
u206	occupation	student
u207	occupation	marketing
u208	occupation	engineer
u209	occupation	educator
u210	occupation	engineer
u211	occupation	salesman
u212	occupation	educator
u213	occupation	executive
u214	occupation	librarian
u215	occupation	programmer
u216	occupation	engineer
u217	occupation	other
u218	occupation	administrator
u219	occupation	programmer
u220	occupation	librarian
u221	occupation	student
u222	occupation	programmer
u223	occupation	student
u224	occupation	educator
u225	occupation	administrator
u226	occupation	student
u227	occupation	executive
u228	occupation	student
u229	occupation	librarian
u230	occupation	student
u231	occupation	librarian
u232	occupation	scientist
u233	occupation	engineer
u234	occupation	retired
u235	occupation	educator
u236	occupation	writer
u237	occupation	administrator
u238	occupation	administrator
u239	occupation	artist
u240	occupation	educator
u241	occupation	student
u242	occupation	educator
u243	occupation	educator
u244	occupation	technician
u245	occupation	student
u246	occupation	student
u247	occupation	engineer
u248	occupation	student
u249	occupation	student
u250	occupation	executive
u251	occupation	doctor
u252	occupation	engineer
u253	occupation	librarian
u254	occupation	educator
u255	occupation	entertainment
u256	occupation	none
u257	occupation	student
u258	occupation	student
u259	occupation	student
u260	occupation	artist
u261	occupation	administrator
u262	occupation	student
u263	occupation	programmer
u264	occupation	writer
u265	occupation	executive
u266	occupation	administrator
u267	occupation	engineer
u268	occupation	engineer
u269	occupation	librarian
u270	occupation	student
u271	occupation	engineer
u272	occupation	scientist
u273	occupation	other
u274	occupation	student
u275	occupation	engineer
u276	occupation	student
u277	occupation	administrator
u278	occupation	librarian
u279	occupation	programmer
u280	occupation	librarian
u281	occupation	student
u282	occupation	administrator
u283	occupation	programmer
u284	occupation	executive
u285	occupation	programmer
u286	occupation	student
u287	occupation	salesman
u288	occupation	marketing
u289	occupation	none
u290	occupation	engineer
u291	occupation	student
u292	occupation	programmer
u293	occupation	writer
u294	occupation	technician
u295	occupation	educator
u296	occupation	administrator
u297	occupation	educator
u298	occupation	executive
u299	occupation	doctor
u300	occupation	programmer
u301	occupation	student
u302	occupation	educator
u303	occupation	student
u304	occupation	student
u305	occupation	programmer
u306	occupation	other
u307	occupation	student
u308	occupation	retired
u309	occupation	scientist
u310	occupation	educator
u311	occupation	technician
u312	occupation	other
u313	occupation	marketing
u314	occupation	student
u315	occupation	educator
u316	occupation	other
u317	occupation	administrator
u318	occupation	retired
u319	occupation	programmer
u320	occupation	student
u321	occupation	educator
u322	occupation	student
u323	occupation	student
u324	occupation	student
u325	occupation	technician
u326	occupation	administrator
u327	occupation	student
u328	occupation	administrator
u329	occupation	educator
u330	occupation	educator
u331	occupation	entertainment
u332	occupation	student
u333	occupation	other
u334	occupation	librarian
u335	occupation	executive
u336	occupation	salesman
u337	occupation	scientist
u338	occupation	librarian
u339	occupation	lawyer
u340	occupation	engineer
u341	occupation	student
u342	occupation	other
u343	occupation	engineer
u344	occupation	librarian
u345	occupation	librarian
u346	occupation	other
u347	occupation	student
u348	occupation	student
u349	occupation	retired
u350	occupation	student
u351	occupation	educator
u352	occupation	programmer
u353	occupation	scientist
u354	occupation	librarian
u355	occupation	student
u356	occupation	homemaker
u357	occupation	executive
u358	occupation	educator
u359	occupation	student
u360	occupation	other
u361	occupation	student
u362	occupation	homemaker
u363	occupation	student
u364	occupation	engineer
u365	occupation	lawyer
u366	occupation	student
u367	occupation	student
u368	occupation	student
u369	occupation	student
u370	occupation	writer
u371	occupation	engineer
u372	occupation	student
u373	occupation	other
u374	occupation	executive
u375	occupation	entertainment
u376	occupation	other
u377	occupation	student
u378	occupation	student
u379	occupation	programmer
u380	occupation	engineer
u381	occupation	artist
u382	occupation	engineer
u383	occupation	administrator
u384	occupation	programmer
u385	occupation	writer
u386	occupation	salesman
u387	occupation	entertainment
u388	occupation	other
u389	occupation	writer
u390	occupation	writer
u391	occupation	student
u392	occupation	writer
u393	occupation	student
u394	occupation	administrator
u395	occupation	other
u396	occupation	engineer
u397	occupation	student
u398	occupation	other
u399	occupation	other
u400	occupation	administrator
u401	occupation	healthcare
u402	occupation	engineer
u403	occupation	other
u404	occupation	programmer
u405	occupation	healthcare
u406	occupation	educator
u407	occupation	engineer
u408	occupation	student
u409	occupation	administrator
u410	occupation	artist
u411	occupation	educator
u412	occupation	educator
u413	occupation	educator
u414	occupation	programmer
u415	occupation	educator
u416	occupation	student
u417	occupation	other
u418	occupation	none
u419	occupation	lawyer
u420	occupation	educator
u421	occupation	programmer
u422	occupation	entertainment
u423	occupation	other
u424	occupation	marketing
u425	occupation	student
u426	occupation	educator
u427	occupation	doctor
u428	occupation	student
u429	occupation	student
u430	occupation	scientist
u431	occupation	marketing
u432	occupation	entertainment
u433	occupation	artist
u434	occupation	student
u435	occupation	engineer
u436	occupation	administrator
u437	occupation	other
u438	occupation	administrator
u439	occupation	administrator
u440	occupation	other
u441	occupation	technician
u442	occupation	student
u443	occupation	salesman
u444	occupation	lawyer
u445	occupation	writer
u446	occupation	educator
u447	occupation	administrator
u448	occupation	entertainment
u449	occupation	librarian
u450	occupation	educator
u451	occupation	student
u452	occupation	administrator
u453	occupation	student
u454	occupation	other
u455	occupation	administrator
u456	occupation	technician
u457	occupation	salesman
u458	occupation	technician
u459	occupation	student
u460	occupation	other
u461	occupation	student
u462	occupation	student
u463	occupation	healthcare
u464	occupation	writer
u465	occupation	other
u466	occupation	student
u467	occupation	engineer
u468	occupation	engineer
u469	occupation	educator
u470	occupation	programmer
u471	occupation	student
u472	occupation	student
u473	occupation	student
u474	occupation	executive
u475	occupation	programmer
u476	occupation	student
u477	occupation	student
u478	occupation	other
u479	occupation	educator
u480	occupation	retired
u481	occupation	retired
u482	occupation	student
u483	occupation	scientist
u484	occupation	student
u485	occupation	educator
u486	occupation	educator
u487	occupation	engineer
u488	occupation	technician
u489	occupation	other
u490	occupation	artist
u491	occupation	writer
u492	occupation	educator
u493	occupation	engineer
u494	occupation	administrator
u495	occupation	engineer
u496	occupation	student
u497	occupation	student
u498	occupation	writer
u499	occupation	programmer
u500	occupation	administrator
u501	occupation	student
u502	occupation	student
u503	occupation	writer
u504	occupation	writer
u505	occupation	other
u506	occupation	programmer
u507	occupation	writer
u508	occupation	marketing
u509	occupation	administrator
u510	occupation	other
u511	occupation	student
u512	occupation	other
u513	occupation	administrator
u514	occupation	programmer
u515	occupation	marketing
u516	occupation	librarian
u517	occupation	student
u518	occupation	writer
u519	occupation	other
u520	occupation	healthcare
u521	occupation	student
u522	occupation	engineer
u523	occupation	administrator
u524	occupation	educator
u525	occupation	administrator
u526	occupation	marketing
u527	occupation	librarian
u528	occupation	student
u529	occupation	administrator
u530	occupation	engineer
u531	occupation	salesman
u532	occupation	student
u533	occupation	librarian
u534	occupation	student
u535	occupation	educator
u536	occupation	engineer
u537	occupation	engineer
u538	occupation	scientist
u539	occupation	administrator
u540	occupation	engineer
u541	occupation	student
u542	occupation	student
u543	occupation	scientist
u544	occupation	other
u545	occupation	technician
u546	occupation	executive
u547	occupation	educator
u548	occupation	writer
u549	occupation	scientist
u550	occupation	student
u551	occupation	programmer
u552	occupation	other
u553	occupation	educator
u554	occupation	scientist
u555	occupation	educator
u556	occupation	educator
u557	occupation	writer
u558	occupation	writer
u559	occupation	executive
u560	occupation	student
u561	occupation	engineer
u562	occupation	administrator
u563	occupation	librarian
u564	occupation	retired
u565	occupation	student
u566	occupation	student
u567	occupation	entertainment
u568	occupation	educator
u569	occupation	educator
u570	occupation	educator
u571	occupation	artist
u572	occupation	educator
u573	occupation	retired
u574	occupation	educator
u575	occupation	marketing
u576	occupation	executive
u577	occupation	student
u578	occupation	administrator
u579	occupation	educator
u580	occupation	student
u581	occupation	other
u582	occupation	student
u583	occupation	engineer
u584	occupation	student
u585	occupation	librarian
u586	occupation	student
u587	occupation	other
u588	occupation	student
u589	occupation	lawyer
u590	occupation	educator
u591	occupation	librarian
u592	occupation	student
u593	occupation	educator
u594	occupation	educator
u595	occupation	programmer
u596	occupation	artist
u597	occupation	other
u598	occupation	marketing
u599	occupation	student
u600	occupation	programmer
u601	occupation	artist
u602	occupation	other
u603	occupation	programmer
u604	occupation	educator
u605	occupation	engineer
u606	occupation	programmer
u607	occupation	healthcare
u608	occupation	other
u609	occupation	student
u610	occupation	student
u611	occupation	librarian
u612	occupation	educator
u613	occupation	marketing
u614	occupation	educator
u615	occupation	educator
u616	occupation	scientist
u617	occupation	writer
u618	occupation	student
u619	occupation	student
u620	occupation	writer
u621	occupation	student
u622	occupation	programmer
u623	occupation	educator
u624	occupation	student
u625	occupation	programmer
u626	occupation	scientist
u627	occupation	engineer
u628	occupation	none
u629	occupation	other
u630	occupation	healthcare
u631	occupation	student
u632	occupation	student
u633	occupation	programmer
u634	occupation	engineer
u635	occupation	other
u636	occupation	educator
u637	occupation	other
u638	occupation	engineer
u639	occupation	librarian
u640	occupation	student
u641	occupation	student
u642	occupation	student
u643	occupation	scientist
u644	occupation	retired
u645	occupation	programmer
u646	occupation	student
u647	occupation	educator
u648	occupation	engineer
u649	occupation	student
u650	occupation	engineer
u651	occupation	retired
u652	occupation	other
u653	occupation	executive
u654	occupation	student
u655	occupation	healthcare
u656	occupation	educator
u657	occupation	none
u658	occupation	programmer
u659	occupation	educator
u660	occupation	student
u661	occupation	programmer
u662	occupation	librarian
u663	occupation	other
u664	occupation	engineer
u665	occupation	administrator
u666	occupation	administrator
u667	occupation	librarian
u668	occupation	writer
u669	occupation	other
u670	occupation	technician
u671	occupation	programmer
u672	occupation	administrator
u673	occupation	educator
u674	occupation	student
u675	occupation	other
u676	occupation	programmer
u677	occupation	other
u678	occupation	educator
u679	occupation	student
u680	occupation	lawyer
u681	occupation	marketing
u682	occupation	programmer
u683	occupation	librarian
u684	occupation	student
u685	occupation	librarian
u686	occupation	educator
u687	occupation	healthcare
u688	occupation	administrator
u689	occupation	other
u690	occupation	salesman
u691	occupation	educator
u692	occupation	engineer
u693	occupation	healthcare
u694	occupation	programmer
u695	occupation	writer
u696	occupation	other
u697	occupation	other
u698	occupation	programmer
u699	occupation	other
u700	occupation	student
u701	occupation	librarian
u702	occupation	other
u703	occupation	educator
u704	occupation	librarian
u705	occupation	student
u706	occupation	student
u707	occupation	librarian
u708	occupation	homemaker
u709	occupation	other
u710	occupation	student
u711	occupation	student
u712	occupation	student
u713	occupation	other
u714	occupation	engineer
u715	occupation	technician
u716	occupation	administrator
u717	occupation	technician
u718	occupation	technician
u719	occupation	other
u720	occupation	administrator
u721	occupation	entertainment
u722	occupation	homemaker
u723	occupation	executive
u724	occupation	executive
u725	occupation	student
u726	occupation	administrator
u727	occupation	student
u728	occupation	executive
u729	occupation	student
u730	occupation	scientist
u731	occupation	educator
u732	occupation	other
u733	occupation	other
u734	occupation	other
u735	occupation	healthcare
u736	occupation	writer
u737	occupation	programmer
u738	occupation	technician
u739	occupation	technician
u740	occupation	educator
u741	occupation	writer
u742	occupation	student
u743	occupation	programmer
u744	occupation	marketing
u745	occupation	writer
u746	occupation	engineer
u747	occupation	other
u748	occupation	administrator
u749	occupation	other
u750	occupation	administrator
u751	occupation	other
u752	occupation	retired
u753	occupation	salesman
u754	occupation	librarian
u755	occupation	educator
u756	occupation	none
u757	occupation	student
u758	occupation	student
u759	occupation	student
u760	occupation	other
u761	occupation	student
u762	occupation	administrator
u763	occupation	scientist
u764	occupation	educator
u765	occupation	student
u766	occupation	other
u767	occupation	engineer
u768	occupation	administrator
u769	occupation	executive
u770	occupation	student
u771	occupation	student
u772	occupation	writer
u773	occupation	student
u774	occupation	student
u775	occupation	executive
u776	occupation	librarian
u777	occupation	programmer
u778	occupation	student
u779	occupation	student
u780	occupation	programmer
u781	occupation	student
u782	occupation	artist
u783	occupation	marketing
u784	occupation	administrator
u785	occupation	engineer
u786	occupation	engineer
u787	occupation	student
u788	occupation	administrator
u789	occupation	other
u790	occupation	technician
u791	occupation	educator
u792	occupation	programmer
u793	occupation	student
u794	occupation	educator
u795	occupation	programmer
u796	occupation	writer
u797	occupation	other
u798	occupation	writer
u799	occupation	administrator
u800	occupation	programmer
u801	occupation	writer
u802	occupation	administrator
u803	occupation	administrator
u804	occupation	educator
u805	occupation	other
u806	occupation	marketing
u807	occupation	healthcare
u808	occupation	salesman
u809	occupation	marketing
u810	occupation	other
u811	occupation	educator
u812	occupation	technician
u813	occupation	student
u814	occupation	other
u815	occupation	other
u816	occupation	other
u817	occupation	student
u818	occupation	librarian
u819	occupation	administrator
u820	occupation	student
u821	occupation	engineer
u822	occupation	librarian
u823	occupation	artist
u824	occupation	other
u825	occupation	engineer
u826	occupation	artist
u827	occupation	engineer
u828	occupation	librarian
u829	occupation	writer
u830	occupation	programmer
u831	occupation	other
u832	occupation	technician
u833	occupation	writer
u834	occupation	other
u835	occupation	executive
u836	occupation	artist
u837	occupation	artist
u838	occupation	student
u839	occupation	entertainment
u840	occupation	artist
u841	occupation	doctor
u842	occupation	writer
u843	occupation	librarian
u844	occupation	engineer
u845	occupation	doctor
u846	occupation	lawyer
u847	occupation	student
u848	occupation	engineer
u849	occupation	student
u850	occupation	technician
u851	occupation	other
u852	occupation	administrator
u853	occupation	writer
u854	occupation	student
u855	occupation	librarian
u856	occupation	marketing
u857	occupation	administrator
u858	occupation	educator
u859	occupation	other
u860	occupation	retired
u861	occupation	student
u862	occupation	executive
u863	occupation	student
u864	occupation	programmer
u865	occupation	artist
u866	occupation	other
u867	occupation	scientist
u868	occupation	programmer
u869	occupation	student
u870	occupation	student
u871	occupation	executive
u872	occupation	student
u873	occupation	administrator
u874	occupation	scientist
u875	occupation	student
u876	occupation	other
u877	occupation	other
u878	occupation	educator
u879	occupation	administrator
u880	occupation	student
u881	occupation	marketing
u882	occupation	engineer
u883	occupation	librarian
u884	occupation	engineer
u885	occupation	other
u886	occupation	student
u887	occupation	student
u888	occupation	scientist
u889	occupation	technician
u890	occupation	student
u891	occupation	administrator
u892	occupation	other
u893	occupation	student
u894	occupation	educator
u895	occupation	librarian
u896	occupation	writer
u897	occupation	other
u898	occupation	homemaker
u899	occupation	other
u900	occupation	retired
u901	occupation	executive
u902	occupation	artist
u903	occupation	educator
u904	occupation	student
u905	occupation	other
u906	occupation	librarian
u907	occupation	other
u908	occupation	librarian
u909	occupation	educator
u910	occupation	healthcare
u911	occupation	writer
u912	occupation	other
u913	occupation	student
u914	occupation	other
u915	occupation	entertainment
u916	occupation	engineer
u917	occupation	student
u918	occupation	scientist
u919	occupation	other
u920	occupation	artist
u921	occupation	student
u922	occupation	administrator
u923	occupation	student
u924	occupation	other
u925	occupation	salesman
u926	occupation	entertainment
u927	occupation	programmer
u928	occupation	student
u929	occupation	scientist
u930	occupation	scientist
u931	occupation	educator
u932	occupation	educator
u933	occupation	student
u934	occupation	engineer
u935	occupation	doctor
u936	occupation	other
u937	occupation	educator
u938	occupation	technician
u939	occupation	student
u940	occupation	administrator
u941	occupation	student
u942	occupation	librarian
u943	occupation	student
