u1	recommend	i1129
u1	recommend	i522
u1	recommend	i1084
u2	recommend	i1643
u2	recommend	i1172
u2	recommend	i483
u3	recommend	i1368
u3	recommend	i1005
u3	recommend	i867
u4	recommend	i1385
u4	recommend	i962
u4	recommend	i904
u5	recommend	i85
u5	recommend	i919
u5	recommend	i128
u6	recommend	i1524
u6	recommend	i1142
u6	recommend	i615
u7	recommend	i320
u7	recommend	i1169
u7	recommend	i1449
u8	recommend	i1643
u8	recommend	i1473
u8	recommend	i64
u9	recommend	i320
u9	recommend	i74
u9	recommend	i793
u10	recommend	i1643
u10	recommend	i1449
u10	recommend	i320
u11	recommend	i1449
u11	recommend	i1175
u11	recommend	i613
u12	recommend	i1473
u12	recommend	i1450
u12	recommend	i22
u13	recommend	i1069
u13	recommend	i1084
u13	recommend	i1203
u14	recommend	i1159
u14	recommend	i497
u14	recommend	i408
u15	recommend	i1172
u15	recommend	i1242
u15	recommend	i736
u16	recommend	i1643
u16	recommend	i50
u16	recommend	i1473
u17	recommend	i1154
u17	recommend	i1084
u17	recommend	i48
u18	recommend	i1449
u18	recommend	i1558
u18	recommend	i48
u19	recommend	i694
u19	recommend	i898
u19	recommend	i1153
u20	recommend	i1192
u20	recommend	i394
u20	recommend	i1431
u21	recommend	i1643
u21	recommend	i1142
u21	recommend	i127
u22	recommend	i1473
u22	recommend	i173
u22	recommend	i1269
u23	recommend	i1449
u23	recommend	i169
u23	recommend	i114
u24	recommend	i1449
u24	recommend	i1643
u24	recommend	i963
u25	recommend	i169
u25	recommend	i1473
u25	recommend	i1449
u26	recommend	i1643
u26	recommend	i483
u26	recommend	i1467
u27	recommend	i916
u27	recommend	i1473
u27	recommend	i169
u28	recommend	i1473
u28	recommend	i899
u28	recommend	i1268
u29	recommend	i1449
u29	recommend	i1137
u29	recommend	i589
u30	recommend	i1069
u30	recommend	i1449
u30	recommend	i1643
u31	recommend	i793
u31	recommend	i641
u31	recommend	i701
u32	recommend	i1019
u32	recommend	i1268
u32	recommend	i899
u33	recommend	i915
u33	recommend	i1643
u33	recommend	i1169
u34	recommend	i838
u34	recommend	i543
u34	recommend	i1099
u35	recommend	i1450
u35	recommend	i392
u35	recommend	i313
u36	recommend	i1643
u36	recommend	i958
u36	recommend	i1066
u37	recommend	i1019
u37	recommend	i1056
u37	recommend	i246
u38	recommend	i1419
u38	recommend	i1470
u38	recommend	i1503
u39	recommend	i1631
u39	recommend	i915
u39	recommend	i916
u40	recommend	i1084
u40	recommend	i48
u40	recommend	i450
u41	recommend	i1449
u41	recommend	i1159
u41	recommend	i1524
u42	recommend	i1431
u42	recommend	i337
u42	recommend	i22
u43	recommend	i1194
u43	recommend	i1643
u43	recommend	i694
u44	recommend	i1192
u44	recommend	i1473
u44	recommend	i1269
u45	recommend	i1084
u45	recommend	i1449
u45	recommend	i262
u46	recommend	i1558
u46	recommend	i1449
u46	recommend	i1069
u47	recommend	i1449
u47	recommend	i48
u47	recommend	i56
u48	recommend	i136
u48	recommend	i641
u48	recommend	i497
u49	recommend	i1512
u49	recommend	i1449
u49	recommend	i1137
u50	recommend	i1631
u50	recommend	i854
u50	recommend	i3
u51	recommend	i1056
u51	recommend	i1278
u51	recommend	i1473
u52	recommend	i1449
u52	recommend	i1137
u52	recommend	i1233
u53	recommend	i1450
u53	recommend	i69
u53	recommend	i1643
u54	recommend	i624
u54	recommend	i963
u54	recommend	i915
u55	recommend	i1240
u55	recommend	i1192
u55	recommend	i695
u56	recommend	i313
u56	recommend	i1169
u56	recommend	i64
u57	recommend	i1643
u57	recommend	i915
u57	recommend	i1473
u58	recommend	i1065
u58	recommend	i42
u58	recommend	i1019
u59	recommend	i1643
u59	recommend	i1449
u59	recommend	i1467
u60	recommend	i1449
u60	recommend	i1558
u60	recommend	i1137
u61	recommend	i1240
u61	recommend	i1473
u61	recommend	i1450
u62	recommend	i1084
u62	recommend	i1449
u62	recommend	i262
u63	recommend	i1449
u63	recommend	i114
u63	recommend	i1512
u64	recommend	i1449
u64	recommend	i1643
u64	recommend	i1524
u65	recommend	i1643
u65	recommend	i963
u65	recommend	i174
u66	recommend	i1643
u66	recommend	i219
u66	recommend	i1473
u67	recommend	i1631
u67	recommend	i962
u67	recommend	i1005
u68	recommend	i224
u68	recommend	i1085
u68	recommend	i916
u69	recommend	i641
u69	recommend	i793
u69	recommend	i1203
u70	recommend	i1643
u70	recommend	i64
u70	recommend	i1449
u71	recommend	i694
u71	recommend	i516
u71	recommend	i1159
u72	recommend	i838
u72	recommend	i1242
u72	recommend	i1172
u73	recommend	i1240
u73	recommend	i1126
u73	recommend	i1426
u74	recommend	i1449
u74	recommend	i1137
u74	recommend	i1005
u75	recommend	i922
u75	recommend	i12
u75	recommend	i968
u76	recommend	i1643
u76	recommend	i1203
u76	recommend	i134
u77	recommend	i968
u77	recommend	i1240
u77	recommend	i695
u78	recommend	i1643
u78	recommend	i1242
u78	recommend	i1172
u79	recommend	i694
u79	recommend	i1449
u79	recommend	i1159
u80	recommend	i1242
u80	recommend	i1193
u80	recommend	i292
u81	recommend	i253
u81	recommend	i695
u81	recommend	i902
u82	recommend	i166
u82	recommend	i1473
u82	recommend	i136
u83	recommend	i1450
u83	recommend	i1431
u83	recommend	i394
u84	recommend	i1449
u84	recommend	i1194
u84	recommend	i190
u85	recommend	i1643
u85	recommend	i1203
u85	recommend	i1449
u86	recommend	i1005
u86	recommend	i838
u86	recommend	i212
u87	recommend	i50
u87	recommend	i174
u87	recommend	i1169
u88	recommend	i740
u88	recommend	i1160
u88	recommend	i898
u89	recommend	i1643
u89	recommend	i320
u89	recommend	i1449
u90	recommend	i1194
u90	recommend	i718
u90	recommend	i1449
u91	recommend	i169
u91	recommend	i253
u91	recommend	i22
u92	recommend	i1449
u92	recommend	i1643
u92	recommend	i127
u93	recommend	i1167
u93	recommend	i1160
u93	recommend	i325
u94	recommend	i1512
u94	recommend	i1449
u94	recommend	i320
u95	recommend	i1473
u95	recommend	i169
u95	recommend	i408
u96	recommend	i48
u96	recommend	i962
u96	recommend	i1005
u97	recommend	i1410
u97	recommend	i1643
u97	recommend	i624
u98	recommend	i838
u98	recommend	i543
u98	recommend	i1643
u99	recommend	i1019
u99	recommend	i899
u99	recommend	i144
u100	recommend	i1473
u100	recommend	i1192
u100	recommend	i173
u101	recommend	i1643
u101	recommend	i64
u101	recommend	i313
u102	recommend	i1643
u102	recommend	i1449
u102	recommend	i1169
u103	recommend	i169
u103	recommend	i1449
u103	recommend	i48
u104	recommend	i1643
u104	recommend	i1142
u104	recommend	i174
u105	recommend	i1643
u105	recommend	i187
u105	recommend	i1473
u106	recommend	i1643
u106	recommend	i1449
u106	recommend	i64
u107	recommend	i1137
u107	recommend	i1512
u107	recommend	i1266
u108	recommend	i1137
u108	recommend	i1449
u108	recommend	i962
u109	recommend	i313
u109	recommend	i1450
u109	recommend	i963
u110	recommend	i318
u110	recommend	i817
u110	recommend	i454
u111	recommend	i915
u111	recommend	i1450
u111	recommend	i1643
u112	recommend	i838
u112	recommend	i1176
u112	recommend	i1612
u113	recommend	i915
u113	recommend	i1643
u113	recommend	i867
u114	recommend	i1084
u114	recommend	i1558
u114	recommend	i512
u115	recommend	i475
u115	recommend	i854
u115	recommend	i652
u116	recommend	i1159
u116	recommend	i1449
u116	recommend	i320
u117	recommend	i1084
u117	recommend	i1449
u117	recommend	i169
u118	recommend	i1019
u118	recommend	i1467
u118	recommend	i12
u119	recommend	i1449
u119	recommend	i1167
u119	recommend	i318
u120	recommend	i1137
u120	recommend	i1473
u120	recommend	i1449
u121	recommend	i1473
u121	recommend	i694
u121	recommend	i1426
u122	recommend	i958
u122	recommend	i745
u122	recommend	i887
u123	recommend	i1512
u123	recommend	i1643
u123	recommend	i1428
u124	recommend	i1019
u124	recommend	i1012
u124	recommend	i1056
u125	recommend	i50
u125	recommend	i313
u125	recommend	i1431
u126	recommend	i50
u126	recommend	i1643
u126	recommend	i958
u127	recommend	i541
u127	recommend	i400
u127	recommend	i1220
u128	recommend	i1449
u128	recommend	i1643
u128	recommend	i511
u129	recommend	i543
u129	recommend	i838
u129	recommend	i1233
u130	recommend	i1643
u130	recommend	i915
u130	recommend	i963
u131	recommend	i1643
u131	recommend	i955
u131	recommend	i212
u132	recommend	i1512
u132	recommend	i1203
u132	recommend	i1426
u133	recommend	i1056
u133	recommend	i968
u133	recommend	i12
u134	recommend	i1192
u134	recommend	i1278
u134	recommend	i173
u135	recommend	i1449
u135	recommend	i1159
u135	recommend	i320
u136	recommend	i1449
u136	recommend	i1426
u136	recommend	i1069
u137	recommend	i1643
u137	recommend	i1169
u137	recommend	i1176
u138	recommend	i1449
u138	recommend	i1159
u138	recommend	i1473
u139	recommend	i1005
u139	recommend	i1512
u139	recommend	i320
u140	recommend	i958
u140	recommend	i1084
u140	recommend	i48
u141	recommend	i394
u141	recommend	i1192
u141	recommend	i1233
u142	recommend	i1410
u142	recommend	i916
u142	recommend	i1643
u143	recommend	i1643
u143	recommend	i1169
u143	recommend	i915
u144	recommend	i1643
u144	recommend	i166
u144	recommend	i169
u145	recommend	i1410
u145	recommend	i169
u145	recommend	i174
u146	recommend	i899
u146	recommend	i190
u146	recommend	i863
u147	recommend	i1242
u147	recommend	i1099
u147	recommend	i1172
u148	recommend	i1056
u148	recommend	i497
u148	recommend	i1401
u149	recommend	i1643
u149	recommend	i127
u149	recommend	i963
u150	recommend	i1019
u150	recommend	i42
u150	recommend	i1643
u151	recommend	i1473
u151	recommend	i221
u151	recommend	i19
u152	recommend	i958
u152	recommend	i1242
u152	recommend	i174
u153	recommend	i1233
u153	recommend	i899
u153	recommend	i695
u154	recommend	i1643
u154	recommend	i1512
u154	recommend	i320
u155	recommend	i1643
u155	recommend	i320
u155	recommend	i1524
u156	recommend	i1643
u156	recommend	i1524
u156	recommend	i481
u157	recommend	i601
u157	recommend	i865
u157	recommend	i48
u158	recommend	i1449
u158	recommend	i1159
u158	recommend	i1175
u159	recommend	i1019
u159	recommend	i689
u159	recommend	i899
u160	recommend	i1643
u160	recommend	i675
u160	recommend	i1449
u161	recommend	i34
u161	recommend	i914
u161	recommend	i838
u162	recommend	i1005
u162	recommend	i1449
u162	recommend	i557
u163	recommend	i1063
u163	recommend	i318
u163	recommend	i1167
u164	recommend	i1005
u164	recommend	i1167
u164	recommend	i1449
u165	recommend	i1159
u165	recommend	i497
u165	recommend	i1056
u166	recommend	i1470
u166	recommend	i394
u166	recommend	i1278
u167	recommend	i1160
u167	recommend	i320
u167	recommend	i1167
u168	recommend	i1069
u168	recommend	i1450
u168	recommend	i166
u169	recommend	i1431
u169	recommend	i613
u169	recommend	i169
u170	recommend	i394
u170	recommend	i1446
u170	recommend	i1176
u171	recommend	i1449
u171	recommend	i48
u171	recommend	i169
u172	recommend	i1240
u172	recommend	i1056
u172	recommend	i1022
u173	recommend	i962
u173	recommend	i645
u173	recommend	i1631
u174	recommend	i1233
u174	recommend	i1426
u174	recommend	i1137
u175	recommend	i1643
u175	recommend	i1242
u175	recommend	i1172
u176	recommend	i1643
u176	recommend	i1512
u176	recommend	i212
u177	recommend	i1142
u177	recommend	i853
u177	recommend	i1643
u178	recommend	i1450
u178	recommend	i1473
u178	recommend	i169
u179	recommend	i838
u179	recommend	i1053
u179	recommend	i1470
u180	recommend	i1233
u180	recommend	i697
u180	recommend	i1167
u181	recommend	i1450
u181	recommend	i313
u181	recommend	i1473
u182	recommend	i1643
u182	recommend	i136
u182	recommend	i915
u183	recommend	i57
u183	recommend	i1195
u183	recommend	i767
u184	recommend	i1512
u184	recommend	i1449
u184	recommend	i1643
u185	recommend	i1449
u185	recommend	i1643
u185	recommend	i1137
u186	recommend	i1242
u186	recommend	i1607
u186	recommend	i378
u187	recommend	i1473
u187	recommend	i611
u187	recommend	i615
u188	recommend	i1643
u188	recommend	i1160
u188	recommend	i318
u189	recommend	i909
u189	recommend	i543
u189	recommend	i1449
u190	recommend	i1473
u190	recommend	i1450
u190	recommend	i1643
u191	recommend	i1449
u191	recommend	i318
u191	recommend	i320
u192	recommend	i1120
u192	recommend	i10
u192	recommend	i1159
u193	recommend	i1643
u193	recommend	i1242
u193	recommend	i694
u194	recommend	i520
u194	recommend	i199
u194	recommend	i205
u195	recommend	i1643
u195	recommend	i1473
u195	recommend	i64
u196	recommend	i1643
u196	recommend	i1368
u196	recommend	i1167
u197	recommend	i1084
u197	recommend	i48
u197	recommend	i963
u198	recommend	i1473
u198	recommend	i57
u198	recommend	i1240
u199	recommend	i1449
u199	recommend	i601
u199	recommend	i474
u200	recommend	i1643
u200	recommend	i1169
u200	recommend	i915
u201	recommend	i1643
u201	recommend	i1368
u201	recommend	i320
u202	recommend	i1056
u202	recommend	i1205
u202	recommend	i915
u203	recommend	i1643
u203	recommend	i344
u203	recommend	i267
u204	recommend	i1242
u204	recommend	i887
u204	recommend	i1643
u205	recommend	i1631
u205	recommend	i916
u205	recommend	i538
u206	recommend	i916
u206	recommend	i324
u206	recommend	i962
u207	recommend	i1643
u207	recommend	i963
u207	recommend	i496
u208	recommend	i936
u208	recommend	i1167
u208	recommend	i57
u209	recommend	i1176
u209	recommend	i1134
u209	recommend	i882
u210	recommend	i1643
u210	recommend	i1449
u210	recommend	i963
u211	recommend	i1242
u211	recommend	i958
u211	recommend	i990
u212	recommend	i1252
u212	recommend	i464
u212	recommend	i745
u213	recommend	i1643
u213	recommend	i1449
u213	recommend	i320
u214	recommend	i1137
u214	recommend	i1449
u214	recommend	i589
u215	recommend	i1159
u215	recommend	i1449
u215	recommend	i512
u216	recommend	i56
u216	recommend	i1449
u216	recommend	i853
u217	recommend	i454
u217	recommend	i1450
u217	recommend	i817
u218	recommend	i1240
u218	recommend	i1473
u218	recommend	i1449
u219	recommend	i1154
u219	recommend	i1466
u219	recommend	i1137
u220	recommend	i1643
u220	recommend	i838
u220	recommend	i272
u221	recommend	i1019
u221	recommend	i1005
u221	recommend	i1467
u222	recommend	i1473
u222	recommend	i1450
u222	recommend	i695
u223	recommend	i392
u223	recommend	i862
u223	recommend	i1472
u224	recommend	i1431
u224	recommend	i1084
u224	recommend	i174
u225	recommend	i1084
u225	recommend	i1069
u225	recommend	i169
u226	recommend	i1449
u226	recommend	i645
u226	recommend	i1159
u227	recommend	i1069
u227	recommend	i1558
u227	recommend	i1137
u228	recommend	i1063
u228	recommend	i914
u228	recommend	i454
u229	recommend	i1218
u229	recommend	i950
u229	recommend	i1085
u230	recommend	i1167
u230	recommend	i318
u230	recommend	i133
u231	recommend	i817
u231	recommend	i1167
u231	recommend	i904
u232	recommend	i1643
u232	recommend	i1175
u232	recommend	i1449
u233	recommend	i1643
u233	recommend	i1141
u233	recommend	i423
u234	recommend	i1643
u234	recommend	i718
u234	recommend	i483
u235	recommend	i1643
u235	recommend	i134
u235	recommend	i1524
u236	recommend	i1167
u236	recommend	i1194
u236	recommend	i133
u237	recommend	i1084
u237	recommend	i1449
u237	recommend	i647
u238	recommend	i963
u238	recommend	i1631
u238	recommend	i959
u239	recommend	i60
u239	recommend	i224
u239	recommend	i1512
u240	recommend	i838
u240	recommend	i543
u240	recommend	i221
u241	recommend	i318
u241	recommend	i48
u241	recommend	i1129
u242	recommend	i538
u242	recommend	i1063
u242	recommend	i735
u243	recommend	i1449
u243	recommend	i543
u243	recommend	i718
u244	recommend	i1512
u244	recommend	i1137
u244	recommend	i1449
u245	recommend	i394
u245	recommend	i1470
u245	recommend	i774
u246	recommend	i1473
u246	recommend	i42
u246	recommend	i1467
u247	recommend	i57
u247	recommend	i936
u247	recommend	i1167
u248	recommend	i42
u248	recommend	i1019
u248	recommend	i475
u249	recommend	i1449
u249	recommend	i1137
u249	recommend	i56
u250	recommend	i516
u250	recommend	i1449
u250	recommend	i1240
u251	recommend	i1643
u251	recommend	i1467
u251	recommend	i127
u252	recommend	i320
u252	recommend	i1449
u252	recommend	i1643
u253	recommend	i64
u253	recommend	i969
u253	recommend	i136
u254	recommend	i1431
u254	recommend	i1192
u254	recommend	i1084
u255	recommend	i1643
u255	recommend	i616
u255	recommend	i915
u256	recommend	i394
u256	recommend	i454
u256	recommend	i1470
u257	recommend	i1449
u257	recommend	i512
u257	recommend	i262
u258	recommend	i1242
u258	recommend	i136
u258	recommend	i915
u259	recommend	i1643
u259	recommend	i1449
u259	recommend	i50
u260	recommend	i1019
u260	recommend	i1159
u260	recommend	i1157
u261	recommend	i817
u261	recommend	i975
u261	recommend	i780
u262	recommend	i57
u262	recommend	i694
u262	recommend	i516
u263	recommend	i1449
u263	recommend	i603
u263	recommend	i427
u264	recommend	i1643
u264	recommend	i1473
u264	recommend	i50
u265	recommend	i1450
u265	recommend	i253
u265	recommend	i1273
u266	recommend	i1137
u266	recommend	i224
u266	recommend	i1449
u267	recommend	i1449
u267	recommend	i1643
u267	recommend	i1467
u268	recommend	i1449
u268	recommend	i114
u268	recommend	i1524
u269	recommend	i1512
u269	recommend	i1021
u269	recommend	i1597
u270	recommend	i1160
u270	recommend	i1512
u270	recommend	i1643
u271	recommend	i1449
u271	recommend	i357
u271	recommend	i483
u272	recommend	i1643
u272	recommend	i1142
u272	recommend	i1467
u273	recommend	i1137
u273	recommend	i1449
u273	recommend	i1069
u274	recommend	i1449
u274	recommend	i1137
u274	recommend	i169
u275	recommend	i1643
u275	recommend	i1169
u275	recommend	i915
u276	recommend	i1449
u276	recommend	i1643
u276	recommend	i50
u277	recommend	i838
u277	recommend	i813
u277	recommend	i1233
u278	recommend	i1137
u278	recommend	i1473
u278	recommend	i57
u279	recommend	i793
u279	recommend	i1159
u279	recommend	i497
u280	recommend	i1194
u280	recommend	i320
u280	recommend	i1643
u281	recommend	i915
u281	recommend	i1643
u281	recommend	i867
u282	recommend	i1084
u282	recommend	i1129
u282	recommend	i695
u283	recommend	i1643
u283	recommend	i1368
u283	recommend	i963
u284	recommend	i1449
u284	recommend	i320
u284	recommend	i1005
u285	recommend	i1643
u285	recommend	i1368
u285	recommend	i963
u286	recommend	i1643
u286	recommend	i1056
u286	recommend	i516
u287	recommend	i48
u287	recommend	i253
u287	recommend	i169
u288	recommend	i1172
u288	recommend	i467
u288	recommend	i1450
u289	recommend	i1410
u289	recommend	i1164
u289	recommend	i916
u290	recommend	i1278
u290	recommend	i1192
u290	recommend	i966
u291	recommend	i1643
u291	recommend	i1449
u291	recommend	i963
u292	recommend	i1449
u292	recommend	i1643
u292	recommend	i191
u293	recommend	i1142
u293	recommend	i1643
u293	recommend	i1449
u294	recommend	i1643
u294	recommend	i1473
u294	recommend	i1467
u295	recommend	i1194
u295	recommend	i1159
u295	recommend	i1643
u296	recommend	i1473
u296	recommend	i1643
u296	recommend	i1126
u297	recommend	i1174
u297	recommend	i1449
u297	recommend	i1643
u298	recommend	i1643
u298	recommend	i136
u298	recommend	i166
u299	recommend	i1449
u299	recommend	i1137
u299	recommend	i114
u300	recommend	i320
u300	recommend	i867
u300	recommend	i1159
u301	recommend	i1643
u301	recommend	i1019
u301	recommend	i915
u302	recommend	i320
u302	recommend	i267
u302	recommend	i1085
u303	recommend	i1643
u303	recommend	i1449
u303	recommend	i511
u304	recommend	i1019
u304	recommend	i882
u304	recommend	i1431
u305	recommend	i522
u305	recommend	i1129
u305	recommend	i19
u306	recommend	i838
u306	recommend	i543
u306	recommend	i292
u307	recommend	i57
u307	recommend	i60
u307	recommend	i516
u308	recommend	i1643
u308	recommend	i1449
u308	recommend	i1524
u309	recommend	i1159
u309	recommend	i1005
u309	recommend	i613
u310	recommend	i1524
u310	recommend	i474
u310	recommend	i919
u311	recommend	i1643
u311	recommend	i963
u311	recommend	i1449
u312	recommend	i1194
u312	recommend	i1449
u312	recommend	i1242
u313	recommend	i199
u313	recommend	i1203
u313	recommend	i1138
u314	recommend	i1450
u314	recommend	i1612
u314	recommend	i300
u315	recommend	i1512
u315	recommend	i1137
u315	recommend	i57
u316	recommend	i543
u316	recommend	i20
u316	recommend	i1302
u317	recommend	i1643
u317	recommend	i57
u317	recommend	i936
u318	recommend	i1176
u318	recommend	i1643
u318	recommend	i320
u319	recommend	i1612
u319	recommend	i645
u319	recommend	i958
u320	recommend	i1612
u320	recommend	i313
u320	recommend	i1269
u321	recommend	i694
u321	recommend	i718
u321	recommend	i1643
u322	recommend	i853
u322	recommend	i1643
u322	recommend	i1142
u323	recommend	i1643
u323	recommend	i1467
u323	recommend	i1449
u324	recommend	i1631
u324	recommend	i1368
u324	recommend	i1643
u325	recommend	i1512
u325	recommend	i641
u325	recommend	i1084
u326	recommend	i1192
u326	recommend	i1138
u326	recommend	i1240
u327	recommend	i1643
u327	recommend	i1368
u327	recommend	i134
u328	recommend	i1449
u328	recommend	i1431
u328	recommend	i190
u329	recommend	i1069
u329	recommend	i1643
u329	recommend	i1449
u330	recommend	i1449
u330	recommend	i318
u330	recommend	i1643
u331	recommend	i838
u331	recommend	i962
u331	recommend	i1368
u332	recommend	i817
u332	recommend	i1643
u332	recommend	i1612
u333	recommend	i1167
u333	recommend	i1192
u333	recommend	i941
u334	recommend	i1449
u334	recommend	i1137
u334	recommend	i114
u335	recommend	i320
u335	recommend	i1176
u335	recommend	i1005
u336	recommend	i1473
u336	recommend	i899
u336	recommend	i1268
u337	recommend	i1473
u337	recommend	i735
u337	recommend	i64
u338	recommend	i1512
u338	recommend	i60
u338	recommend	i1099
u339	recommend	i1449
u339	recommend	i320
u339	recommend	i1512
u340	recommend	i394
u340	recommend	i1446
u340	recommend	i300
u341	recommend	i1242
u341	recommend	i1176
u341	recommend	i1446
u342	recommend	i1643
u342	recommend	i838
u342	recommend	i543
u343	recommend	i1449
u343	recommend	i114
u343	recommend	i1473
u344	recommend	i1643
u344	recommend	i1524
u344	recommend	i1449
u345	recommend	i1449
u345	recommend	i169
u345	recommend	i408
u346	recommend	i169
u346	recommend	i1431
u346	recommend	i1450
u347	recommend	i634
u347	recommend	i1607
u347	recommend	i1643
u348	recommend	i1220
u348	recommend	i645
u348	recommend	i1612
u349	recommend	i1512
u349	recommend	i320
u349	recommend	i767
u350	recommend	i1449
u350	recommend	i48
u350	recommend	i522
u351	recommend	i1120
u351	recommend	i645
u351	recommend	i422
u352	recommend	i1643
u352	recommend	i915
u352	recommend	i616
u353	recommend	i1473
u353	recommend	i1126
u353	recommend	i57
u354	recommend	i224
u354	recommend	i1385
u354	recommend	i1512
u355	recommend	i1643
u355	recommend	i915
u355	recommend	i392
u356	recommend	i899
u356	recommend	i1268
u356	recommend	i1176
u357	recommend	i915
u357	recommend	i169
u357	recommend	i174
u358	recommend	i919
u358	recommend	i1344
u358	recommend	i1395
u359	recommend	i1449
u359	recommend	i1192
u359	recommend	i718
u360	recommend	i1512
u360	recommend	i1449
u360	recommend	i1643
u361	recommend	i1512
u361	recommend	i1449
u361	recommend	i483
u362	recommend	i838
u362	recommend	i914
u362	recommend	i813
u363	recommend	i899
u363	recommend	i1192
u363	recommend	i390
u364	recommend	i1268
u364	recommend	i1233
u364	recommend	i1160
u365	recommend	i1137
u365	recommend	i1643
u365	recommend	i1131
u366	recommend	i320
u366	recommend	i1268
u366	recommend	i340
u367	recommend	i1449
u367	recommend	i1159
u367	recommend	i1643
u368	recommend	i882
u368	recommend	i1019
u368	recommend	i1159
u369	recommend	i1449
u369	recommend	i1431
u369	recommend	i1192
u370	recommend	i1643
u370	recommend	i197
u370	recommend	i1473
u371	recommend	i1643
u371	recommend	i1450
u371	recommend	i1311
u372	recommend	i817
u372	recommend	i1643
u372	recommend	i838
u373	recommend	i1159
u373	recommend	i1278
u373	recommend	i1473
u374	recommend	i634
u374	recommend	i1607
u374	recommend	i1311
u375	recommend	i1643
u375	recommend	i915
u375	recommend	i634
u376	recommend	i1449
u376	recommend	i57
u376	recommend	i1137
u377	recommend	i1643
u377	recommend	i963
u377	recommend	i50
u378	recommend	i1449
u378	recommend	i1643
u378	recommend	i958
u379	recommend	i1449
u379	recommend	i408
u379	recommend	i1473
u380	recommend	i1137
u380	recommend	i1449
u380	recommend	i1129
u381	recommend	i408
u381	recommend	i166
u381	recommend	i169
u382	recommend	i320
u382	recommend	i1176
u382	recommend	i922
u383	recommend	i1643
u383	recommend	i320
u383	recommend	i481
u384	recommend	i1643
u384	recommend	i958
u384	recommend	i1449
u385	recommend	i793
u385	recommend	i647
u385	recommend	i641
u386	recommend	i1005
u386	recommend	i1137
u386	recommend	i899
u387	recommend	i1524
u387	recommend	i1449
u387	recommend	i1395
u388	recommend	i1164
u388	recommend	i174
u388	recommend	i50
u389	recommend	i1643
u389	recommend	i1449
u389	recommend	i1524
u390	recommend	i136
u390	recommend	i969
u390	recommend	i936
u391	recommend	i1643
u391	recommend	i694
u391	recommend	i1449
u392	recommend	i1643
u392	recommend	i483
u392	recommend	i958
u393	recommend	i915
u393	recommend	i900
u393	recommend	i1159
u394	recommend	i1643
u394	recommend	i64
u394	recommend	i1473
u395	recommend	i496
u395	recommend	i483
u395	recommend	i1278
u396	recommend	i394
u396	recommend	i1278
u396	recommend	i1167
u397	recommend	i1473
u397	recommend	i1142
u397	recommend	i1449
u398	recommend	i1643
u398	recommend	i1473
u398	recommend	i166
u399	recommend	i1449
u399	recommend	i963
u399	recommend	i1643
u400	recommend	i1019
u400	recommend	i246
u400	recommend	i1005
u401	recommend	i1233
u401	recommend	i1063
u401	recommend	i1240
u402	recommend	i1643
u402	recommend	i1069
u402	recommend	i963
u403	recommend	i48
u403	recommend	i902
u403	recommend	i1631
u404	recommend	i1410
u404	recommend	i915
u404	recommend	i166
u405	recommend	i1643
u405	recommend	i1311
u405	recommend	i1450
u406	recommend	i320
u406	recommend	i593
u406	recommend	i1449
u407	recommend	i1449
u407	recommend	i12
u407	recommend	i1467
u408	recommend	i48
u408	recommend	i865
u408	recommend	i962
u409	recommend	i57
u409	recommend	i1473
u409	recommend	i936
u410	recommend	i390
u410	recommend	i1129
u410	recommend	i703
u411	recommend	i1643
u411	recommend	i958
u411	recommend	i408
u412	recommend	i1449
u412	recommend	i963
u412	recommend	i1643
u413	recommend	i958
u413	recommend	i1643
u413	recommend	i694
u414	recommend	i1643
u414	recommend	i1467
u414	recommend	i514
u415	recommend	i1643
u415	recommend	i838
u415	recommend	i1172
u416	recommend	i1473
u416	recommend	i64
u416	recommend	i1450
u417	recommend	i1192
u417	recommend	i1449
u417	recommend	i1431
u418	recommend	i1240
u418	recommend	i516
u418	recommend	i1268
u419	recommend	i1141
u419	recommend	i1643
u419	recommend	i736
u420	recommend	i1449
u420	recommend	i1512
u420	recommend	i589
u421	recommend	i1019
u421	recommend	i1192
u421	recommend	i1268
u422	recommend	i1449
u422	recommend	i1137
u422	recommend	i56
u423	recommend	i838
u423	recommend	i543
u423	recommend	i1449
u424	recommend	i1163
u424	recommend	i867
u424	recommend	i593
u425	recommend	i1245
u425	recommend	i75
u425	recommend	i1643
u426	recommend	i1643
u426	recommend	i483
u426	recommend	i127
u427	recommend	i1631
u427	recommend	i1470
u427	recommend	i867
u428	recommend	i1643
u428	recommend	i318
u428	recommend	i64
u429	recommend	i1449
u429	recommend	i1643
u429	recommend	i127
u430	recommend	i1643
u430	recommend	i694
u430	recommend	i838
u431	recommend	i1242
u431	recommend	i1643
u431	recommend	i318
u432	recommend	i1643
u432	recommend	i1473
u432	recommend	i914
u433	recommend	i408
u433	recommend	i1129
u433	recommend	i1084
u434	recommend	i1059
u434	recommend	i1163
u434	recommend	i962
u435	recommend	i1449
u435	recommend	i1019
u435	recommend	i1005
u436	recommend	i1005
u436	recommend	i1467
u436	recommend	i915
u437	recommend	i1643
u437	recommend	i958
u437	recommend	i745
u438	recommend	i1643
u438	recommend	i1450
u438	recommend	i313
u439	recommend	i1643
u439	recommend	i958
u439	recommend	i1131
u440	recommend	i676
u440	recommend	i898
u440	recommend	i224
u441	recommend	i1084
u441	recommend	i408
u441	recommend	i968
u442	recommend	i253
u442	recommend	i156
u442	recommend	i1449
u443	recommend	i695
u443	recommend	i1233
u443	recommend	i1137
u444	recommend	i1643
u444	recommend	i838
u444	recommend	i302
u445	recommend	i865
u445	recommend	i48
u445	recommend	i601
u446	recommend	i1120
u446	recommend	i909
u446	recommend	i190
u447	recommend	i1019
u447	recommend	i253
u447	recommend	i1449
u448	recommend	i1512
u448	recommend	i1203
u448	recommend	i1205
u449	recommend	i1512
u449	recommend	i968
u449	recommend	i1084
u450	recommend	i1643
u450	recommend	i1449
u450	recommend	i64
u451	recommend	i888
u451	recommend	i34
u451	recommend	i1005
u452	recommend	i1431
u452	recommend	i695
u452	recommend	i1240
u453	recommend	i1449
u453	recommend	i56
u453	recommend	i1467
u454	recommend	i916
u454	recommend	i1450
u454	recommend	i645
u455	recommend	i1643
u455	recommend	i1449
u455	recommend	i483
u456	recommend	i1449
u456	recommend	i253
u456	recommend	i1137
u457	recommend	i1449
u457	recommend	i318
u457	recommend	i408
u458	recommend	i661
u458	recommend	i1388
u458	recommend	i922
u459	recommend	i1192
u459	recommend	i1431
u459	recommend	i1278
u460	recommend	i543
u460	recommend	i838
u460	recommend	i1174
u461	recommend	i922
u461	recommend	i1159
u461	recommend	i320
u462	recommend	i1450
u462	recommend	i318
u462	recommend	i79
u463	recommend	i1129
u463	recommend	i48
u463	recommend	i543
u464	recommend	i1643
u464	recommend	i1467
u464	recommend	i1449
u465	recommend	i1449
u465	recommend	i838
u465	recommend	i645
u466	recommend	i1431
u466	recommend	i838
u466	recommend	i157
u467	recommend	i1643
u467	recommend	i865
u467	recommend	i1368
u468	recommend	i1643
u468	recommend	i1142
u468	recommend	i1473
u469	recommend	i1449
u469	recommend	i718
u469	recommend	i1194
u470	recommend	i1643
u470	recommend	i127
u470	recommend	i963
u471	recommend	i390
u471	recommend	i680
u471	recommend	i839
u472	recommend	i1631
u472	recommend	i1005
u472	recommend	i1449
u473	recommend	i1643
u473	recommend	i169
u473	recommend	i511
u474	recommend	i1449
u474	recommend	i127
u474	recommend	i1643
u475	recommend	i695
u475	recommend	i1240
u475	recommend	i1205
u476	recommend	i12
u476	recommend	i272
u476	recommend	i302
u477	recommend	i464
u477	recommend	i516
u477	recommend	i1194
u478	recommend	i838
u478	recommend	i1643
u478	recommend	i543
u479	recommend	i1084
u479	recommend	i430
u479	recommend	i174
u480	recommend	i474
u480	recommend	i611
u480	recommend	i1431
u481	recommend	i516
u481	recommend	i694
u481	recommend	i1159
u482	recommend	i1242
u482	recommend	i1643
u482	recommend	i1064
u483	recommend	i1084
u483	recommend	i1456
u483	recommend	i1558
u484	recommend	i1084
u484	recommend	i169
u484	recommend	i1269
u485	recommend	i1524
u485	recommend	i1142
u485	recommend	i408
u486	recommend	i1643
u486	recommend	i1449
u486	recommend	i838
u487	recommend	i169
u487	recommend	i1084
u487	recommend	i199
u488	recommend	i1084
u488	recommend	i1192
u488	recommend	i1167
u489	recommend	i1192
u489	recommend	i1159
u489	recommend	i394
u490	recommend	i1524
u490	recommend	i641
u490	recommend	i1643
u491	recommend	i253
u491	recommend	i613
u491	recommend	i1449
u492	recommend	i1449
u492	recommend	i899
u492	recommend	i253
u493	recommend	i1192
u493	recommend	i408
u493	recommend	i1159
u494	recommend	i1473
u494	recommend	i42
u494	recommend	i1449
u495	recommend	i1643
u495	recommend	i1169
u495	recommend	i506
u496	recommend	i1005
u496	recommend	i899
u496	recommend	i253
u497	recommend	i1473
u497	recommend	i516
u497	recommend	i1269
u498	recommend	i1512
u498	recommend	i1643
u498	recommend	i1022
u499	recommend	i1137
u499	recommend	i522
u499	recommend	i1449
u500	recommend	i1205
u500	recommend	i1005
u500	recommend	i968
u501	recommend	i1643
u501	recommend	i1449
u501	recommend	i1368
u502	recommend	i1164
u502	recommend	i1268
u502	recommend	i834
u503	recommend	i1643
u503	recommend	i958
u503	recommend	i320
u504	recommend	i1449
u504	recommend	i1005
u504	recommend	i1159
u505	recommend	i1242
u505	recommend	i1194
u505	recommend	i1167
u506	recommend	i1643
u506	recommend	i1473
u506	recommend	i1169
u507	recommend	i1160
u507	recommend	i394
u507	recommend	i1169
u508	recommend	i1512
u508	recommend	i1643
u508	recommend	i60
u509	recommend	i1473
u509	recommend	i1142
u509	recommend	i1065
u510	recommend	i394
u510	recommend	i1450
u510	recommend	i22
u511	recommend	i1643
u511	recommend	i1005
u511	recommend	i955
u512	recommend	i1449
u512	recommend	i601
u512	recommend	i902
u513	recommend	i1278
u513	recommend	i1167
u513	recommend	i1192
u514	recommend	i1473
u514	recommend	i1449
u514	recommend	i272
u515	recommend	i1019
u515	recommend	i1169
u515	recommend	i1268
u516	recommend	i1631
u516	recommend	i1163
u516	recommend	i962
u517	recommend	i882
u517	recommend	i1431
u517	recommend	i958
u518	recommend	i1192
u518	recommend	i1159
u518	recommend	i1240
u519	recommend	i1607
u519	recommend	i1176
u519	recommend	i1643
u520	recommend	i1129
u520	recommend	i1473
u520	recommend	i735
u521	recommend	i1473
u521	recommend	i1467
u521	recommend	i1240
u522	recommend	i1524
u522	recommend	i1404
u522	recommend	i474
u523	recommend	i1643
u523	recommend	i136
u523	recommend	i318
u524	recommend	i1643
u524	recommend	i865
u524	recommend	i1512
u525	recommend	i916
u525	recommend	i1410
u525	recommend	i962
u526	recommend	i1473
u526	recommend	i1512
u526	recommend	i1643
u527	recommend	i1643
u527	recommend	i187
u527	recommend	i1142
u528	recommend	i1192
u528	recommend	i1431
u528	recommend	i882
u529	recommend	i1169
u529	recommend	i1643
u529	recommend	i1159
u530	recommend	i694
u530	recommend	i1194
u530	recommend	i1419
u531	recommend	i909
u531	recommend	i1120
u531	recommend	i337
u532	recommend	i1643
u532	recommend	i1169
u532	recommend	i64
u533	recommend	i496
u533	recommend	i1084
u533	recommend	i966
u534	recommend	i1169
u534	recommend	i1159
u534	recommend	i1268
u535	recommend	i1643
u535	recommend	i915
u535	recommend	i516
u536	recommend	i1278
u536	recommend	i1473
u536	recommend	i969
u537	recommend	i1512
u537	recommend	i1449
u537	recommend	i1126
u538	recommend	i526
u538	recommend	i205
u538	recommend	i1431
u539	recommend	i1069
u539	recommend	i604
u539	recommend	i936
u540	recommend	i1449
u540	recommend	i1643
u540	recommend	i320
u541	recommend	i1159
u541	recommend	i143
u541	recommend	i882
u542	recommend	i1643
u542	recommend	i958
u542	recommend	i134
u543	recommend	i1643
u543	recommend	i1449
u543	recommend	i915
u544	recommend	i166
u544	recommend	i169
u544	recommend	i408
u545	recommend	i1159
u545	recommend	i1169
u545	recommend	i1192
u546	recommend	i1268
u546	recommend	i1157
u546	recommend	i320
u547	recommend	i1431
u547	recommend	i1192
u547	recommend	i466
u548	recommend	i1431
u548	recommend	i1192
u548	recommend	i1019
u549	recommend	i1084
u549	recommend	i1269
u549	recommend	i1473
u550	recommend	i916
u550	recommend	i1473
u550	recommend	i1612
u551	recommend	i1005
u551	recommend	i1233
u551	recommend	i899
u552	recommend	i1449
u552	recommend	i318
u552	recommend	i1159
u553	recommend	i1449
u553	recommend	i12
u553	recommend	i272
u554	recommend	i1643
u554	recommend	i64
u554	recommend	i496
u555	recommend	i48
u555	recommend	i1069
u555	recommend	i1084
u556	recommend	i1643
u556	recommend	i1512
u556	recommend	i357
u557	recommend	i1449
u557	recommend	i1159
u557	recommend	i190
u558	recommend	i1426
u558	recommend	i1137
u558	recommend	i1449
u559	recommend	i320
u559	recommend	i1268
u559	recommend	i1022
u560	recommend	i1643
u560	recommend	i1467
u560	recommend	i1473
u561	recommend	i1137
u561	recommend	i1426
u561	recommend	i589
u562	recommend	i1607
u562	recommend	i882
u562	recommend	i1134
u563	recommend	i1643
u563	recommend	i320
u563	recommend	i1449
u564	recommend	i1167
u564	recommend	i1194
u564	recommend	i1160
u565	recommend	i1005
u565	recommend	i1449
u565	recommend	i1159
u566	recommend	i1449
u566	recommend	i902
u566	recommend	i601
u567	recommend	i1512
u567	recommend	i57
u567	recommend	i1462
u568	recommend	i543
u568	recommend	i1172
u568	recommend	i1142
u569	recommend	i694
u569	recommend	i166
u569	recommend	i603
u570	recommend	i522
u570	recommend	i753
u570	recommend	i1069
u571	recommend	i1084
u571	recommend	i1129
u571	recommend	i1456
u572	recommend	i694
u572	recommend	i1099
u572	recommend	i136
u573	recommend	i1449
u573	recommend	i1643
u573	recommend	i114
u574	recommend	i1473
u574	recommend	i1286
u574	recommend	i487
u575	recommend	i899
u575	recommend	i844
u575	recommend	i1233
u576	recommend	i1056
u576	recommend	i516
u576	recommend	i1473
u577	recommend	i836
u577	recommend	i1084
u577	recommend	i1159
u578	recommend	i1450
u578	recommend	i82
u578	recommend	i121
u579	recommend	i1473
u579	recommend	i1141
u579	recommend	i1129
u580	recommend	i787
u580	recommend	i752
u580	recommend	i1473
u581	recommend	i180
u581	recommend	i1524
u581	recommend	i494
u582	recommend	i1240
u582	recommend	i57
u582	recommend	i1512
u583	recommend	i1643
u583	recommend	i1449
u583	recommend	i1524
u584	recommend	i1164
u584	recommend	i916
u584	recommend	i1473
u585	recommend	i1069
u585	recommend	i865
u585	recommend	i1194
u586	recommend	i1631
u586	recommend	i1368
u586	recommend	i1059
u587	recommend	i57
u587	recommend	i516
u587	recommend	i1473
u588	recommend	i1160
u588	recommend	i516
u588	recommend	i1167
u589	recommend	i1450
u589	recommend	i392
u589	recommend	i692
u590	recommend	i1512
u590	recommend	i543
u590	recommend	i1099
u591	recommend	i1643
u591	recommend	i1449
u591	recommend	i1512
u592	recommend	i1473
u592	recommend	i1449
u592	recommend	i853
u593	recommend	i64
u593	recommend	i1233
u593	recommend	i1473
u594	recommend	i1449
u594	recommend	i1473
u594	recommend	i64
u595	recommend	i1449
u595	recommend	i56
u595	recommend	i320
u596	recommend	i1242
u596	recommend	i1643
u596	recommend	i454
u597	recommend	i48
u597	recommend	i902
u597	recommend	i1163
u598	recommend	i958
u598	recommend	i909
u598	recommend	i613
u599	recommend	i838
u599	recommend	i1470
u599	recommend	i645
u600	recommend	i1449
u600	recommend	i1137
u600	recommend	i1643
u601	recommend	i512
u601	recommend	i964
u601	recommend	i1462
u602	recommend	i958
u602	recommend	i1175
u602	recommend	i963
u603	recommend	i464
u603	recommend	i516
u603	recommend	i836
u604	recommend	i1631
u604	recommend	i1093
u604	recommend	i962
u605	recommend	i1512
u605	recommend	i1643
u605	recommend	i1449
u606	recommend	i1643
u606	recommend	i1169
u606	recommend	i1449
u607	recommend	i1512
u607	recommend	i1643
u607	recommend	i320
u608	recommend	i57
u608	recommend	i1126
u608	recommend	i1512
u609	recommend	i838
u609	recommend	i543
u609	recommend	i149
u610	recommend	i1172
u610	recommend	i644
u610	recommend	i190
u611	recommend	i899
u611	recommend	i1431
u611	recommend	i190
u612	recommend	i1167
u612	recommend	i1233
u612	recommend	i1449
u613	recommend	i1449
u613	recommend	i114
u613	recommend	i408
u614	recommend	i506
u614	recommend	i1643
u614	recommend	i1240
u615	recommend	i1142
u615	recommend	i408
u615	recommend	i1473
u616	recommend	i166
u616	recommend	i915
u616	recommend	i12
u617	recommend	i1512
u617	recommend	i922
u617	recommend	i1022
u618	recommend	i1431
u618	recommend	i520
u618	recommend	i1643
u619	recommend	i1311
u619	recommend	i1450
u619	recommend	i634
u620	recommend	i915
u620	recommend	i1643
u620	recommend	i624
u621	recommend	i1449
u621	recommend	i169
u621	recommend	i50
u622	recommend	i1473
u622	recommend	i12
u622	recommend	i1449
u623	recommend	i337
u623	recommend	i1278
u623	recommend	i548
u624	recommend	i1449
u624	recommend	i64
u624	recommend	i1643
u625	recommend	i1449
u625	recommend	i50
u625	recommend	i1159
u626	recommend	i919
u626	recommend	i1473
u626	recommend	i224
u627	recommend	i1240
u627	recommend	i968
u627	recommend	i516
u628	recommend	i914
u628	recommend	i888
u628	recommend	i838
u629	recommend	i1449
u629	recommend	i1084
u629	recommend	i483
u630	recommend	i1470
u630	recommend	i1612
u630	recommend	i34
u631	recommend	i958
u631	recommend	i1163
u631	recommend	i745
u632	recommend	i1084
u632	recommend	i1431
u632	recommend	i1192
u633	recommend	i915
u633	recommend	i1643
u633	recommend	i624
u634	recommend	i1643
u634	recommend	i1005
u634	recommend	i1107
u635	recommend	i838
u635	recommend	i1174
u635	recommend	i543
u636	recommend	i1005
u636	recommend	i1019
u636	recommend	i645
u637	recommend	i1473
u637	recommend	i1192
u637	recommend	i1063
u638	recommend	i1056
u638	recommend	i1012
u638	recommend	i1450
u639	recommend	i543
u639	recommend	i1172
u639	recommend	i143
u640	recommend	i1643
u640	recommend	i50
u640	recommend	i1449
u641	recommend	i1512
u641	recommend	i1643
u641	recommend	i1449
u642	recommend	i915
u642	recommend	i624
u642	recommend	i464
u643	recommend	i1643
u643	recommend	i1449
u643	recommend	i1524
u644	recommend	i915
u644	recommend	i900
u644	recommend	i1159
u645	recommend	i1512
u645	recommend	i1643
u645	recommend	i1449
u646	recommend	i1450
u646	recommend	i64
u646	recommend	i1431
u647	recommend	i963
u647	recommend	i1449
u647	recommend	i915
u648	recommend	i1278
u648	recommend	i50
u648	recommend	i1483
u649	recommend	i1643
u649	recommend	i915
u649	recommend	i661
u650	recommend	i1159
u650	recommend	i1449
u650	recommend	i408
u651	recommend	i899
u651	recommend	i838
u651	recommend	i853
u652	recommend	i1192
u652	recommend	i1233
u652	recommend	i1063
u653	recommend	i253
u653	recommend	i1129
u653	recommend	i1192
u654	recommend	i1473
u654	recommend	i1278
u654	recommend	i64
u655	recommend	i1449
u655	recommend	i963
u655	recommend	i1174
u656	recommend	i1643
u656	recommend	i1368
u656	recommend	i954
u657	recommend	i1205
u657	recommend	i1099
u657	recommend	i753
u658	recommend	i1643
u658	recommend	i1449
u658	recommend	i1467
u659	recommend	i1643
u659	recommend	i302
u659	recommend	i166
u660	recommend	i1084
u660	recommend	i408
u660	recommend	i647
u661	recommend	i1643
u661	recommend	i1169
u661	recommend	i1159
u662	recommend	i962
u662	recommend	i1005
u662	recommend	i48
u663	recommend	i1643
u663	recommend	i899
u663	recommend	i838
u664	recommend	i1203
u664	recommend	i1449
u664	recommend	i199
u665	recommend	i1631
u665	recommend	i320
u665	recommend	i867
u666	recommend	i1449
u666	recommend	i1512
u666	recommend	i1137
u667	recommend	i543
u667	recommend	i1126
u667	recommend	i838
u668	recommend	i1643
u668	recommend	i107
u668	recommend	i114
u669	recommend	i1069
u669	recommend	i1084
u669	recommend	i945
u670	recommend	i1431
u670	recommend	i909
u670	recommend	i1607
u671	recommend	i915
u671	recommend	i916
u671	recommend	i1643
u672	recommend	i320
u672	recommend	i1512
u672	recommend	i1160
u673	recommend	i838
u673	recommend	i1242
u673	recommend	i1172
u674	recommend	i1450
u674	recommend	i955
u674	recommend	i915
u675	recommend	i593
u675	recommend	i134
u675	recommend	i647
u676	recommend	i958
u676	recommend	i337
u676	recommend	i1084
u677	recommend	i1019
u677	recommend	i1005
u677	recommend	i1268
u678	recommend	i915
u678	recommend	i1205
u678	recommend	i557
u679	recommend	i1449
u679	recommend	i1005
u679	recommend	i1159
u680	recommend	i1643
u680	recommend	i962
u680	recommend	i745
u681	recommend	i1242
u681	recommend	i1194
u681	recommend	i459
u682	recommend	i1643
u682	recommend	i1473
u682	recommend	i1467
u683	recommend	i1449
u683	recommend	i48
u683	recommend	i253
u684	recommend	i1431
u684	recommend	i174
u684	recommend	i169
u685	recommend	i455
u685	recommend	i701
u685	recommend	i1410
u686	recommend	i1512
u686	recommend	i1449
u686	recommend	i1643
u687	recommend	i1643
u687	recommend	i1467
u687	recommend	i634
u688	recommend	i916
u688	recommend	i1410
u688	recommend	i915
u689	recommend	i267
u689	recommend	i1164
u689	recommend	i538
u690	recommend	i1607
u690	recommend	i1242
u690	recommend	i1176
u691	recommend	i1643
u691	recommend	i1141
u691	recommend	i1473
u692	recommend	i1643
u692	recommend	i1368
u692	recommend	i958
u693	recommend	i1643
u693	recommend	i838
u693	recommend	i1449
u694	recommend	i1449
u694	recommend	i1643
u694	recommend	i64
u695	recommend	i793
u695	recommend	i1512
u695	recommend	i320
u696	recommend	i543
u696	recommend	i958
u696	recommend	i887
u697	recommend	i962
u697	recommend	i745
u697	recommend	i958
u698	recommend	i919
u698	recommend	i422
u698	recommend	i390
u699	recommend	i1449
u699	recommend	i1005
u699	recommend	i1137
u700	recommend	i172
u700	recommend	i705
u700	recommend	i1643
u701	recommend	i1137
u701	recommend	i1449
u701	recommend	i169
u702	recommend	i1192
u702	recommend	i1278
u702	recommend	i1141
u703	recommend	i1450
u703	recommend	i174
u703	recommend	i313
u704	recommend	i1643
u704	recommend	i1242
u704	recommend	i1172
u705	recommend	i1152
u705	recommend	i828
u705	recommend	i1239
u706	recommend	i1470
u706	recommend	i1120
u706	recommend	i1425
u707	recommend	i543
u707	recommend	i1137
u707	recommend	i20
u708	recommend	i1473
u708	recommend	i1269
u708	recommend	i1450
u709	recommend	i1607
u709	recommend	i1431
u709	recommend	i634
u710	recommend	i1643
u710	recommend	i1512
u710	recommend	i483
u711	recommend	i221
u711	recommend	i543
u711	recommend	i1449
u712	recommend	i828
u712	recommend	i1152
u712	recommend	i645
u713	recommend	i1643
u713	recommend	i1473
u713	recommend	i1142
u714	recommend	i174
u714	recommend	i1192
u714	recommend	i1410
u715	recommend	i1643
u715	recommend	i169
u715	recommend	i272
u716	recommend	i958
u716	recommend	i1242
u716	recommend	i1449
u717	recommend	i1449
u717	recommend	i838
u717	recommend	i543
u718	recommend	i394
u718	recommend	i1278
u718	recommend	i1167
u719	recommend	i1195
u719	recommend	i1172
u719	recommend	i1473
u720	recommend	i904
u720	recommend	i1385
u720	recommend	i1159
u721	recommend	i1643
u721	recommend	i915
u721	recommend	i313
u722	recommend	i1643
u722	recommend	i1449
u722	recommend	i318
u723	recommend	i1473
u723	recommend	i936
u723	recommend	i724
u724	recommend	i1450
u724	recommend	i1473
u724	recommend	i916
u725	recommend	i1160
u725	recommend	i740
u725	recommend	i1643
u726	recommend	i887
u726	recommend	i962
u726	recommend	i990
u727	recommend	i1473
u727	recommend	i1467
u727	recommend	i1269
u728	recommend	i1473
u728	recommend	i1643
u728	recommend	i64
u729	recommend	i1431
u729	recommend	i1192
u729	recommend	i882
u730	recommend	i1205
u730	recommend	i695
u730	recommend	i1473
u731	recommend	i1242
u731	recommend	i1172
u731	recommend	i736
u732	recommend	i1278
u732	recommend	i1160
u732	recommend	i1167
u733	recommend	i543
u733	recommend	i1137
u733	recommend	i838
u734	recommend	i1242
u734	recommend	i1278
u734	recommend	i1172
u735	recommend	i1137
u735	recommend	i1069
u735	recommend	i1449
u736	recommend	i1137
u736	recommend	i1449
u736	recommend	i589
u737	recommend	i1137
u737	recommend	i1240
u737	recommend	i1512
u738	recommend	i173
u738	recommend	i1473
u738	recommend	i1269
u739	recommend	i1273
u739	recommend	i253
u739	recommend	i48
u740	recommend	i318
u740	recommend	i1449
u740	recommend	i838
u741	recommend	i1643
u741	recommend	i483
u741	recommend	i1449
u742	recommend	i1473
u742	recommend	i1426
u742	recommend	i1137
u743	recommend	i962
u743	recommend	i212
u743	recommend	i1069
u744	recommend	i1137
u744	recommend	i522
u744	recommend	i48
u745	recommend	i899
u745	recommend	i394
u745	recommend	i774
u746	recommend	i1019
u746	recommend	i882
u746	recommend	i1431
u747	recommend	i1643
u747	recommend	i23
u747	recommend	i320
u748	recommend	i169
u748	recommend	i1449
u748	recommend	i12
u749	recommend	i1169
u749	recommend	i50
u749	recommend	i1643
u750	recommend	i1631
u750	recommend	i962
u750	recommend	i1137
u751	recommend	i1159
u751	recommend	i1169
u751	recommend	i1192
u752	recommend	i616
u752	recommend	i641
u752	recommend	i1643
u753	recommend	i936
u753	recommend	i1069
u753	recommend	i464
u754	recommend	i962
u754	recommend	i1368
u754	recommend	i1643
u755	recommend	i936
u755	recommend	i1473
u755	recommend	i1594
u756	recommend	i394
u756	recommend	i1159
u756	recommend	i1160
u757	recommend	i1473
u757	recommend	i50
u757	recommend	i169
u758	recommend	i1449
u758	recommend	i408
u758	recommend	i48
u759	recommend	i1239
u759	recommend	i916
u759	recommend	i1450
u760	recommend	i538
u760	recommend	i267
u760	recommend	i468
u761	recommend	i1192
u761	recommend	i1431
u761	recommend	i882
u762	recommend	i1129
u762	recommend	i522
u762	recommend	i48
u763	recommend	i1449
u763	recommend	i1159
u763	recommend	i320
u764	recommend	i1643
u764	recommend	i50
u764	recommend	i1169
u765	recommend	i1512
u765	recommend	i1137
u765	recommend	i589
u766	recommend	i1449
u766	recommend	i1159
u766	recommend	i320
u767	recommend	i1643
u767	recommend	i50
u767	recommend	i1449
u768	recommend	i1643
u768	recommend	i1172
u768	recommend	i1473
u769	recommend	i1242
u769	recommend	i1643
u769	recommend	i318
u770	recommend	i1005
u770	recommend	i1137
u770	recommend	i1449
u771	recommend	i745
u771	recommend	i1252
u771	recommend	i916
u772	recommend	i1449
u772	recommend	i613
u772	recommend	i1005
u773	recommend	i647
u773	recommend	i641
u773	recommend	i512
u774	recommend	i1142
u774	recommend	i1473
u774	recommend	i85
u775	recommend	i902
u775	recommend	i253
u775	recommend	i1449
u776	recommend	i1449
u776	recommend	i169
u776	recommend	i246
u777	recommend	i916
u777	recommend	i645
u777	recommend	i962
u778	recommend	i219
u778	recommend	i695
u778	recommend	i1184
u779	recommend	i1192
u779	recommend	i1220
u779	recommend	i1410
u780	recommend	i1242
u780	recommend	i634
u780	recommend	i48
u781	recommend	i1643
u781	recommend	i1142
u781	recommend	i954
u782	recommend	i838
u782	recommend	i143
u782	recommend	i645
u783	recommend	i1005
u783	recommend	i320
u783	recommend	i1019
u784	recommend	i1643
u784	recommend	i50
u784	recommend	i174
u785	recommend	i1643
u785	recommend	i1612
u785	recommend	i1473
u786	recommend	i1449
u786	recommend	i64
u786	recommend	i190
u787	recommend	i22
u787	recommend	i1084
u787	recommend	i169
u788	recommend	i1449
u788	recommend	i1431
u788	recommend	i190
u789	recommend	i1368
u789	recommend	i1643
u789	recommend	i514
u790	recommend	i1449
u790	recommend	i1005
u790	recommend	i899
u791	recommend	i1643
u791	recommend	i1450
u791	recommend	i313
u792	recommend	i1467
u792	recommend	i50
u792	recommend	i1473
u793	recommend	i1643
u793	recommend	i169
u793	recommend	i958
u794	recommend	i1449
u794	recommend	i114
u794	recommend	i1512
u795	recommend	i246
u795	recommend	i1159
u795	recommend	i968
u796	recommend	i645
u796	recommend	i169
u796	recommend	i181
u797	recommend	i1473
u797	recommend	i50
u797	recommend	i1056
u798	recommend	i1136
u798	recommend	i613
u798	recommend	i958
u799	recommend	i1473
u799	recommend	i1142
u799	recommend	i408
u800	recommend	i1449
u800	recommend	i958
u800	recommend	i318
u801	recommend	i1612
u801	recommend	i645
u801	recommend	i1470
u802	recommend	i915
u802	recommend	i1019
u802	recommend	i1169
u803	recommend	i1512
u803	recommend	i1021
u803	recommend	i1266
u804	recommend	i1159
u804	recommend	i1449
u804	recommend	i1169
u805	recommend	i1159
u805	recommend	i320
u805	recommend	i10
u806	recommend	i1449
u806	recommend	i1643
u806	recommend	i408
u807	recommend	i1167
u807	recommend	i1159
u807	recommend	i1169
u808	recommend	i902
u808	recommend	i48
u808	recommend	i865
u809	recommend	i1643
u809	recommend	i914
u809	recommend	i212
u810	recommend	i1159
u810	recommend	i958
u810	recommend	i1175
u811	recommend	i914
u811	recommend	i516
u811	recommend	i1240
u812	recommend	i1205
u812	recommend	i915
u812	recommend	i309
u813	recommend	i1005
u813	recommend	i899
u813	recommend	i320
u814	recommend	i1643
u814	recommend	i813
u814	recommend	i1268
u815	recommend	i169
u815	recommend	i408
u815	recommend	i1431
u816	recommend	i915
u816	recommend	i836
u816	recommend	i1159
u817	recommend	i1643
u817	recommend	i634
u817	recommend	i1184
u818	recommend	i1643
u818	recommend	i740
u818	recommend	i958
u819	recommend	i838
u819	recommend	i1449
u819	recommend	i543
u820	recommend	i521
u820	recommend	i345
u820	recommend	i853
u821	recommend	i1242
u821	recommend	i958
u821	recommend	i1643
u822	recommend	i450
u822	recommend	i1084
u822	recommend	i48
u823	recommend	i1449
u823	recommend	i483
u823	recommend	i1643
u824	recommend	i1643
u824	recommend	i1410
u824	recommend	i624
u825	recommend	i1192
u825	recommend	i1159
u825	recommend	i1431
u826	recommend	i915
u826	recommend	i963
u826	recommend	i1467
u827	recommend	i1449
u827	recommend	i1643
u827	recommend	i169
u828	recommend	i1021
u828	recommend	i48
u828	recommend	i1129
u829	recommend	i1643
u829	recommend	i1449
u829	recommend	i127
u830	recommend	i1450
u830	recommend	i1473
u830	recommend	i166
u831	recommend	i408
u831	recommend	i1431
u831	recommend	i169
u832	recommend	i902
u832	recommend	i963
u832	recommend	i1005
u833	recommend	i1512
u833	recommend	i212
u833	recommend	i1368
u834	recommend	i1643
u834	recommend	i64
u834	recommend	i1449
u835	recommend	i1643
u835	recommend	i1449
u835	recommend	i221
u836	recommend	i1643
u836	recommend	i1473
u836	recommend	i1142
u837	recommend	i990
u837	recommend	i936
u837	recommend	i1099
u838	recommend	i1159
u838	recommend	i1449
u838	recommend	i1643
u839	recommend	i1643
u839	recommend	i1301
u839	recommend	i267
u840	recommend	i320
u840	recommend	i1449
u840	recommend	i1512
u841	recommend	i320
u841	recommend	i1005
u841	recommend	i1449
u842	recommend	i675
u842	recommend	i1070
u842	recommend	i616
u843	recommend	i1019
u843	recommend	i1005
u843	recommend	i968
u844	recommend	i1159
u844	recommend	i408
u844	recommend	i1449
u845	recommend	i224
u845	recommend	i1120
u845	recommend	i116
u846	recommend	i1449
u846	recommend	i169
u846	recommend	i408
u847	recommend	i57
u847	recommend	i1473
u847	recommend	i1240
u848	recommend	i1473
u848	recommend	i57
u848	recommend	i936
u849	recommend	i1159
u849	recommend	i1169
u849	recommend	i1449
u850	recommend	i392
u850	recommend	i915
u850	recommend	i136
u851	recommend	i1019
u851	recommend	i1449
u851	recommend	i1643
u852	recommend	i1084
u852	recommend	i1167
u852	recommend	i464
u853	recommend	i1450
u853	recommend	i1643
u853	recommend	i915
u854	recommend	i1643
u854	recommend	i1524
u854	recommend	i320
u855	recommend	i641
u855	recommend	i1240
u855	recommend	i1203
u856	recommend	i695
u856	recommend	i253
u856	recommend	i902
u857	recommend	i1069
u857	recommend	i1473
u857	recommend	i753
u858	recommend	i838
u858	recommend	i813
u858	recommend	i914
u859	recommend	i1005
u859	recommend	i1631
u859	recommend	i1205
u860	recommend	i1449
u860	recommend	i318
u860	recommend	i1194
u861	recommend	i1069
u861	recommend	i936
u861	recommend	i169
u862	recommend	i1449
u862	recommend	i1159
u862	recommend	i915
u863	recommend	i854
u863	recommend	i899
u863	recommend	i1137
u864	recommend	i1449
u864	recommend	i1643
u864	recommend	i963
u865	recommend	i1129
u865	recommend	i543
u865	recommend	i253
u866	recommend	i1512
u866	recommend	i1167
u866	recommend	i1194
u867	recommend	i1129
u867	recommend	i408
u867	recommend	i1085
u868	recommend	i652
u868	recommend	i1154
u868	recommend	i1084
u869	recommend	i865
u869	recommend	i792
u869	recommend	i48
u870	recommend	i1643
u870	recommend	i1449
u870	recommend	i1524
u871	recommend	i1643
u871	recommend	i1467
u871	recommend	i1473
u872	recommend	i1470
u872	recommend	i1612
u872	recommend	i1446
u873	recommend	i909
u873	recommend	i1242
u873	recommend	i166
u874	recommend	i1643
u874	recommend	i1449
u874	recommend	i511
u875	recommend	i1643
u875	recommend	i1449
u875	recommend	i1524
u876	recommend	i1449
u876	recommend	i1069
u876	recommend	i1643
u877	recommend	i1069
u877	recommend	i516
u877	recommend	i464
u878	recommend	i1141
u878	recommend	i337
u878	recommend	i718
u879	recommend	i1643
u879	recommend	i1450
u879	recommend	i1473
u880	recommend	i1643
u880	recommend	i661
u880	recommend	i320
u881	recommend	i1240
u881	recommend	i1084
u881	recommend	i1069
u882	recommend	i1643
u882	recommend	i174
u882	recommend	i483
u883	recommend	i1449
u883	recommend	i60
u883	recommend	i1159
u884	recommend	i57
u884	recommend	i1512
u884	recommend	i60
u885	recommend	i22
u885	recommend	i64
u885	recommend	i1449
u886	recommend	i1643
u886	recommend	i1473
u886	recommend	i1142
u887	recommend	i1059
u887	recommend	i1163
u887	recommend	i958
u888	recommend	i645
u888	recommend	i1449
u888	recommend	i1612
u889	recommend	i1449
u889	recommend	i1159
u889	recommend	i1192
u890	recommend	i48
u890	recommend	i1449
u890	recommend	i285
u891	recommend	i1194
u891	recommend	i1449
u891	recommend	i318
u892	recommend	i1449
u892	recommend	i169
u892	recommend	i1467
u893	recommend	i1449
u893	recommend	i1643
u893	recommend	i963
u894	recommend	i1449
u894	recommend	i320
u894	recommend	i1643
u895	recommend	i1643
u895	recommend	i48
u895	recommend	i963
u896	recommend	i1473
u896	recommend	i408
u896	recommend	i166
u897	recommend	i1643
u897	recommend	i915
u897	recommend	i1169
u898	recommend	i962
u898	recommend	i1368
u898	recommend	i1093
u899	recommend	i1643
u899	recommend	i1473
u899	recommend	i736
u900	recommend	i1137
u900	recommend	i753
u900	recommend	i305
u901	recommend	i1278
u901	recommend	i969
u901	recommend	i143
u902	recommend	i1192
u902	recommend	i1473
u902	recommend	i1431
u903	recommend	i1643
u903	recommend	i1449
u903	recommend	i185
u904	recommend	i817
u904	recommend	i924
u904	recommend	i1643
u905	recommend	i1643
u905	recommend	i320
u905	recommend	i1449
u906	recommend	i1643
u906	recommend	i838
u906	recommend	i1176
u907	recommend	i645
u907	recommend	i1159
u907	recommend	i1449
u908	recommend	i1449
u908	recommend	i57
u908	recommend	i1473
u909	recommend	i1643
u909	recommend	i143
u909	recommend	i1169
u910	recommend	i1643
u910	recommend	i1450
u910	recommend	i1473
u911	recommend	i694
u911	recommend	i224
u911	recommend	i114
u912	recommend	i694
u912	recommend	i1643
u912	recommend	i57
u913	recommend	i1473
u913	recommend	i853
u913	recommend	i1142
u914	recommend	i74
u914	recommend	i1160
u914	recommend	i1183
u915	recommend	i1512
u915	recommend	i345
u915	recommend	i1643
u916	recommend	i1449
u916	recommend	i1137
u916	recommend	i1512
u917	recommend	i1643
u917	recommend	i838
u917	recommend	i1131
u918	recommend	i543
u918	recommend	i1120
u918	recommend	i116
u919	recommend	i1643
u919	recommend	i838
u919	recommend	i320
u920	recommend	i1005
u920	recommend	i12
u920	recommend	i813
u921	recommend	i1278
u921	recommend	i1164
u921	recommend	i1470
u922	recommend	i1084
u922	recommend	i408
u922	recommend	i169
u923	recommend	i1643
u923	recommend	i320
u923	recommend	i1449
u924	recommend	i1643
u924	recommend	i958
u924	recommend	i408
u925	recommend	i1643
u925	recommend	i963
u925	recommend	i915
u926	recommend	i1137
u926	recommend	i543
u926	recommend	i1449
u927	recommend	i916
u927	recommend	i1410
u927	recommend	i915
u928	recommend	i1175
u928	recommend	i1643
u928	recommend	i1138
u929	recommend	i1473
u929	recommend	i1126
u929	recommend	i543
u930	recommend	i676
u930	recommend	i1258
u930	recommend	i263
u931	recommend	i1242
u931	recommend	i318
u931	recommend	i1172
u932	recommend	i1069
u932	recommend	i1203
u932	recommend	i936
u933	recommend	i1449
u933	recommend	i601
u933	recommend	i190
u934	recommend	i1084
u934	recommend	i48
u934	recommend	i169
u935	recommend	i1152
u935	recommend	i1167
u935	recommend	i538
u936	recommend	i1449
u936	recommend	i320
u936	recommend	i593
u937	recommend	i166
u937	recommend	i945
u937	recommend	i1203
u938	recommend	i1205
u938	recommend	i1240
u938	recommend	i199
u939	recommend	i1643
u939	recommend	i914
u939	recommend	i838
u940	recommend	i1643
u940	recommend	i318
u940	recommend	i1449
u941	recommend	i613
u941	recommend	i909
u941	recommend	i169
u942	recommend	i136
u942	recommend	i1643
u942	recommend	i378
u943	recommend	i899
u943	recommend	i11
u943	recommend	i1019
